id,marca,nombre,codigo,desc,familia,talles,precio_uno,precio_tres,precio_cantidad

mochila,Good-Pack,Mochilas,Mochila,Mochilas Good Pack, Mochila,UNICO,10000,10000,10000

promo-pack-maia-12,maia,PROMO PACK MAIA,23-102,PROMO PACK MAIA 102 ,Packs,UNICO,3405,6000,5000


PROMO_MEDIAS_COCOT_DUFOUR_ZAILU_RIO,MEDIAS,PROMO MEDIAS COCOT-DUFOUR-ZAILU-RIO,1-2801,MEDIAS COCOT-DUFOUR-ZAILU-RIO,MEDIAS,UNICO,2500,5000,5000
PROMO_MEDIAS_COCOT_DUFOUR_ZAILU_RIO,MEDIAS,PROMO MEDIAS COCOT-DUFOUR-ZAILU-RIO,1-2802,MEDIAS COCOT-DUFOUR-ZAILU-RIO,MEDIAS,UNICO,2500,5000,5000
PROMO_MEDIAS_COCOT_DUFOUR_ZAILU_RIO,MEDIAS,PROMO MEDIAS COCOT-DUFOUR-ZAILU-RIO,1-2803,MEDIAS COCOT-DUFOUR-ZAILU-RIO,MEDIAS,UNICO,2500,5000,5000
PROMO_MEDIAS_COCOT_DUFOUR_ZAILU_RIO,MEDIAS,PROMO MEDIAS COCOT-DUFOUR-ZAILU-RIO,1-2804,MEDIAS COCOT-DUFOUR-ZAILU-RIO,MEDIAS,UNICO,2500,5000,5000
PROMO_MEDIAS_COCOT_DUFOUR_ZAILU_RIO,MEDIAS,PROMO MEDIAS COCOT-DUFOUR-ZAILU-RIO,1-2805,MEDIAS COCOT-DUFOUR-ZAILU-RIO,MEDIAS,UNICO,2500,5000,5000
PROMO_MEDIAS_COCOT_DUFOUR_ZAILU_RIO,MEDIAS,PROMO MEDIAS COCOT-DUFOUR-ZAILU-RIO,1-2806,MEDIAS COCOT-DUFOUR-ZAILU-RIO,MEDIAS,UNICO,2500,5000,5000
PROMO_MEDIAS_COCOT_DUFOUR_ZAILU_RIO,MEDIAS,PROMO MEDIAS COCOT-DUFOUR-ZAILU-RIO,1-602100,MEDIAS COCOT-DUFOUR-ZAILU-RIO,MEDIAS,UNICO,2500,5000,5000
PROMO_MEDIAS_COCOT_DUFOUR_ZAILU_RIO,MEDIAS,PROMO MEDIAS COCOT-DUFOUR-ZAILU-RIO,1-602101,MEDIAS COCOT-DUFOUR-ZAILU-RIO,MEDIAS,UNICO,2500,5000,5000
PROMO_MEDIAS_COCOT_DUFOUR_ZAILU_RIO,MEDIAS,PROMO MEDIAS COCOT-DUFOUR-ZAILU-RIO,1-602102,MEDIAS COCOT-DUFOUR-ZAILU-RIO,MEDIAS,UNICO,2500,5000,5000
PROMO_MEDIAS_COCOT_DUFOUR_ZAILU_RIO,MEDIAS,PROMO MEDIAS COCOT-DUFOUR-ZAILU-RIO,1-602230,MEDIAS COCOT-DUFOUR-ZAILU-RIO,MEDIAS,UNICO,2500,5000,5000
PROMO_MEDIAS_COCOT_DUFOUR_ZAILU_RIO,MEDIAS,PROMO MEDIAS COCOT-DUFOUR-ZAILU-RIO,1-602110,MEDIAS COCOT-DUFOUR-ZAILU-RIO,MEDIAS,UNICO,2500,5000,5000
PROMO_MEDIAS_COCOT_DUFOUR_ZAILU_RIO,MEDIAS,PROMO MEDIAS COCOT-DUFOUR-ZAILU-RIO,1-602110P,MEDIAS COCOT-DUFOUR-ZAILU-RIO,MEDIAS,UNICO,2500,5000,5000
PROMO_MEDIAS_COCOT_DUFOUR_ZAILU_RIO,MEDIAS,PROMO MEDIAS COCOT-DUFOUR-ZAILU-RIO,1-602100P,MEDIAS COCOT-DUFOUR-ZAILU-RIO,MEDIAS,UNICO,2500,5000,5000
PROMO_MEDIAS_COCOT_DUFOUR_ZAILU_RIO,MEDIAS,PROMO MEDIAS COCOT-DUFOUR-ZAILU-RIO,1-60220P,MEDIAS COCOT-DUFOUR-ZAILU-RIO,MEDIAS,UNICO,2500,5000,5000
PROMO_MEDIAS_COCOT_DUFOUR_ZAILU_RIO,MEDIAS,PROMO MEDIAS COCOT-DUFOUR-ZAILU-RIO,21-2015,MEDIAS COCOT-DUFOUR-ZAILU-RIO,MEDIAS,UNICO,2500,5000,5000
PROMO_MEDIAS_COCOT_DUFOUR_ZAILU_RIO,MEDIAS,PROMO MEDIAS COCOT-DUFOUR-ZAILU-RIO,21-2211,MEDIAS COCOT-DUFOUR-ZAILU-RIO,MEDIAS,UNICO,2500,5000,5000
PROMO_MEDIAS_COCOT_DUFOUR_ZAILU_RIO,MEDIAS,PROMO MEDIAS COCOT-DUFOUR-ZAILU-RIO,21-2379,MEDIAS COCOT-DUFOUR-ZAILU-RIO,MEDIAS,UNICO,2500,5000,5000
PROMO_MEDIAS_COCOT_DUFOUR_ZAILU_RIO,MEDIAS,PROMO MEDIAS COCOT-DUFOUR-ZAILU-RIO,21-2474,MEDIAS COCOT-DUFOUR-ZAILU-RIO,MEDIAS,UNICO,2500,5000,5000
PROMO_MEDIAS_COCOT_DUFOUR_ZAILU_RIO,MEDIAS,PROMO MEDIAS COCOT-DUFOUR-ZAILU-RIO,21-2216,MEDIAS COCOT-DUFOUR-ZAILU-RIO,MEDIAS,UNICO,2500,5000,5000
PROMO_MEDIAS_COCOT_DUFOUR_ZAILU_RIO,MEDIAS,PROMO MEDIAS COCOT-DUFOUR-ZAILU-RIO,21-2331,MEDIAS COCOT-DUFOUR-ZAILU-RIO,MEDIAS,UNICO,2500,5000,5000
PROMO_MEDIAS_COCOT_DUFOUR_ZAILU_RIO,MEDIAS,PROMO MEDIAS COCOT-DUFOUR-ZAILU-RIO,21-2599,MEDIAS COCOT-DUFOUR-ZAILU-RIO,MEDIAS,UNICO,2500,5000,5000
PROMO_MEDIAS_COCOT_DUFOUR_ZAILU_RIO,MEDIAS,PROMO MEDIAS COCOT-DUFOUR-ZAILU-RIO,40-3153,MEDIAS COCOT-DUFOUR-ZAILU-RIO,MEDIAS,UNICO,2500,5000,5000
PROMO_MEDIAS_COCOT_DUFOUR_ZAILU_RIO,MEDIAS,PROMO MEDIAS COCOT-DUFOUR-ZAILU-RIO,40-3270,MEDIAS COCOT-DUFOUR-ZAILU-RIO,MEDIAS,UNICO,2500,5000,5000
PROMO_MEDIAS_COCOT_DUFOUR_ZAILU_RIO,MEDIAS,PROMO MEDIAS COCOT-DUFOUR-ZAILU-RIO,40-3340,MEDIAS COCOT-DUFOUR-ZAILU-RIO,MEDIAS,UNICO,2500,5000,5000
PROMO_MEDIAS_COCOT_DUFOUR_ZAILU_RIO,MEDIAS,PROMO MEDIAS COCOT-DUFOUR-ZAILU-RIO,40-3343,MEDIAS COCOT-DUFOUR-ZAILU-RIO,MEDIAS,UNICO,2500,5000,5000
PROMO_MEDIAS_COCOT_DUFOUR_ZAILU_RIO,MEDIAS,PROMO MEDIAS COCOT-DUFOUR-ZAILU-RIO,40-3339,MEDIAS COCOT-DUFOUR-ZAILU-RIO,MEDIAS,UNICO,2500,5000,5000
PROMO_MEDIAS_COCOT_DUFOUR_ZAILU_RIO,MEDIAS,PROMO MEDIAS COCOT-DUFOUR-ZAILU-RIO,40-3318,MEDIAS COCOT-DUFOUR-ZAILU-RIO,MEDIAS,UNICO,2500,5000,5000
PROMO_MEDIAS_COCOT_DUFOUR_ZAILU_RIO,MEDIAS,PROMO MEDIAS COCOT-DUFOUR-ZAILU-RIO,40-3261,MEDIAS COCOT-DUFOUR-ZAILU-RIO,MEDIAS,UNICO,2500,5000,5000
PROMO_MEDIAS_COCOT_DUFOUR_ZAILU_RIO,MEDIAS,PROMO MEDIAS COCOT-DUFOUR-ZAILU-RIO,40-3036.3,MEDIAS COCOT-DUFOUR-ZAILU-RIO,MEDIAS,UNICO,2500,5000,5000
PROMO_MEDIAS_COCOT_DUFOUR_ZAILU_RIO,MEDIAS,PROMO MEDIAS COCOT-DUFOUR-ZAILU-RIO,40-3223.3,MEDIAS COCOT-DUFOUR-ZAILU-RIO,MEDIAS,UNICO,2500,5000,5000
PROMO_MEDIAS_COCOT_DUFOUR_ZAILU_RIO,MEDIAS,PROMO MEDIAS COCOT-DUFOUR-ZAILU-RIO,40-3253.3,MEDIAS COCOT-DUFOUR-ZAILU-RIO,MEDIAS,UNICO,2500,5000,5000


PROMO_SEXY_LALI_1,SEXY LALI,PROMO SEXY LALI 1,33-900,CONJUNTOS SEXY LALI 1,CONJUNTOS,UNICO,12000,12000,12000
PROMO_SEXY_LALI_1,SEXY LALI,PROMO SEXY LALI 1,33-910,CONJUNTOS SEXY LALI 1,CONJUNTOS,UNICO,12000,12000,12000
PROMO_SEXY_LALI_1,SEXY LALI,PROMO SEXY LALI 1,33-2080,CONJUNTOS SEXY LALI 1,CONJUNTOS,UNICO,12000,12000,12000
PROMO_SEXY_LALI_1,SEXY LALI,PROMO SEXY LALI 1,33-1055,CONJUNTOS SEXY LALI 1,CONJUNTOS,UNICO,12000,12000,12000
PROMO_SEXY_LALI_1,SEXY LALI,PROMO SEXY LALI 1,33-1060,CONJUNTOS SEXY LALI 1,CONJUNTOS,UNICO,12000,12000,12000
PROMO_SEXY_LALI_1,SEXY LALI,PROMO SEXY LALI 1,33-1065,CONJUNTOS SEXY LALI 1,CONJUNTOS,UNICO,12000,12000,12000
PROMO_SEXY_LALI_1,SEXY LALI,PROMO SEXY LALI 1,33-1066,CONJUNTOS SEXY LALI 1,CONJUNTOS,UNICO,12000,12000,12000
PROMO_SEXY_LALI_1,SEXY LALI,PROMO SEXY LALI 1,33-1070,CONJUNTOS SEXY LALI 1,CONJUNTOS,UNICO,12000,12000,12000
PROMO_SEXY_LALI_1,SEXY LALI,PROMO SEXY LALI 1,33-1082,CONJUNTOS SEXY LALI 1,CONJUNTOS,UNICO,12000,12000,12000
PROMO_SEXY_LALI_1,SEXY LALI,PROMO SEXY LALI 1,33-1085,CONJUNTOS SEXY LALI 1,CONJUNTOS,UNICO,12000,12000,12000
PROMO_SEXY_LALI_3,SEXY LALI,PROMO SEXY LALI 3,33-1001,CONJUNTOS SEXY LALI 3,CONJUNTOS,UNICO,7000,7000,7000
PROMO_SEXY_LALI_3,SEXY LALI,PROMO SEXY LALI 3,33-1003,CONJUNTOS SEXY LALI 3,CONJUNTOS,UNICO,7000,7000,7000
PROMO_SEXY_LALI_3,SEXY LALI,PROMO SEXY LALI 3,33-1050,CONJUNTOS SEXY LALI 3,CONJUNTOS,UNICO,7000,7000,7000
PROMO_SEXY_LALI_3,SEXY LALI,PROMO SEXY LALI 3,33-2038,CONJUNTOS SEXY LALI 3,CONJUNTOS,UNICO,7000,7000,7000
PROMO_SEXY_LALI_3,SEXY LALI,PROMO SEXY LALI 3,33-2040,CONJUNTOS SEXY LALI 3,CONJUNTOS,UNICO,7000,7000,7000


PROMO_MEDIAS_INV_MK,MK,PROMO MEDIAS INV MK,28-6564,MEDIAS INV MK,MEDIAS INV,UNICO,9000,18000,18000
PROMO_MEDIAS_INV_MK,MK,PROMO MEDIAS INV MK,28-6560,MEDIAS INV MK,MEDIAS INV,UNICO,9000,18000,18000
PROMO_MEDIAS_INV_MK,MK,PROMO MEDIAS INV MK,28-6500,MEDIAS INV MK,MEDIAS INV,UNICO,9000,18000,18000
PROMO_MEDIAS_INV_MK,MK,PROMO MEDIAS INV MK,28-6501,MEDIAS INV MK,MEDIAS INV,UNICO,9000,18000,18000

PROMO_BOXER_EN_BOLSITA,BOXER,PROMO BOXER EN BOLSITA,14-810,BOXER EN BOLSITA,BOXER,S|M|L|XL|XXL,9000,18000,6000
PROMO_BOXER_EN_BOLSITA,BOXER,PROMO BOXER EN BOLSITA,14-830,BOXER EN BOLSITA,BOXER,S|M|L|XL|XXL,9000,18000,6000
PROMO_BOXER_EN_BOLSITA,BOXER,PROMO BOXER EN BOLSITA,52-1110,BOXER EN BOLSITA,BOXER,S|M|L|XL|XXL,9000,18000,6000
PROMO_BOXER_EN_BOLSITA,BOXER,PROMO BOXER EN BOLSITA,1-5467,BOXER EN BOLSITA,BOXER,S|M|L|XL|XXL,9000,18000,6000
PROMO_BOXER_EN_BOLSITA,BOXER,PROMO BOXER EN BOLSITA,1-5031,BOXER EN BOLSITA,BOXER,S|M|L|XL|XXL,9000,18000,6000
PROMO_BOXER_EN_BOLSITA,BOXER,PROMO BOXER EN BOLSITA,1-2069,BOXER EN BOLSITA,BOXER,S|M|L|XL|XXL,9000,18000,6000
PROMO_BOXER_EN_BOLSITA,BOXER,PROMO BOXER EN BOLSITA,1-5241,BOXER EN BOLSITA,BOXER,S|M|L|XL|XXL,9000,18000,6000


PROMO_VELLA_PACK_X2,VELLA,PROMO VELLA PACK X 2,58-3,PACK X 2 VELLA,PACK X 2,UNICO,5500,4500,3800
PROMO_VELLA_PACK_X2,VELLA,PROMO VELLA PACK X 2,58-24,PACK X 2 VELLA,PACK X 2,UNICO,5500,4500,3800
PROMO_VELLA_PACK_X2,VELLA,PROMO VELLA PACK X 2,58-8,PACK X 2 VELLA,PACK X 2,UNICO,5500,4500,3800
PROMO_VELLA_PACK_X2,VELLA,PROMO VELLA PACK X 2,58-50,PACK X 2 VELLA,PACK X 2,UNICO,5500,4500,3800
PROMO_VELLA_PACK_X2_MORLEY,VELLA,PROMO VELLA PACK X 2 MORLEY,58-71,PACK X 2 MORLEY VELLA,PACK X 2 MORLEY,UNICO,7000,6000,6000
PROMO_VELLA_PACK_X2_MORLEY,VELLA,PROMO VELLA PACK X 2 MORLEY,58-72,PACK X 2 MORLEY VELLA,PACK X 2 MORLEY,UNICO,7000,6000,6000

PROMO_MEDIAS_INV_MK,MK,PROMO MEDIAS INV MK,28-6560,MEDIAS INV MK,MEDIAS INV,UNICO,9000,18000,18000
PROMO_MEDIAS_INV_MK,MK,PROMO MEDIAS INV MK,28-6500,MEDIAS INV MK,MEDIAS INV,UNICO,9000,18000,18000
PROMO_MEDIAS_INV_MK,MK,PROMO MEDIAS INV MK,28-6501,MEDIAS INV MK,MEDIAS INV,UNICO,9000,18000,18000
PROMO_CAMISETAS_TERMICAS_XY_NINOS,XY,PROMO CAMISETAS TERMICAS XY NIÑOS,1-7241,CAMISETAS TERMICAS XY NIÑOS,NIÑOS,UNICO,12000,10000,10000
PROMO_CAMISETAS_TERMICAS_XY_NINOS,XY,PROMO CAMISETAS TERMICAS XY NIÑOS,24-040,CAMISETAS TERMICAS XY NIÑOS,NIÑOS,UNICO,12000,10000,10000
PROMO_CAMISETAS_TERMICAS_XY_NINOS,XY,PROMO CAMISETAS TERMICAS XY NIÑOS,24-6050,CAMISETAS TERMICAS XY NIÑOS,NIÑOS,UNICO,12000,10000,10000
PROMO_PIJAMAS_INV_ELEMENTO,ELEMENTO,PIJAMAS INV ELEMENTO,1-2363,PIJAMAS INV ELEMENTO,PIJAMAS,UNICO,10000,10000,10000
PROMO_PIJAMAS_INV_ELEMENTO,ELEMENTO,PIJAMAS INV ELEMENTO,1-2364,PIJAMAS INV ELEMENTO,PIJAMAS,UNICO,10000,10000,10000
PROMO_CAMISETAS_TERMICAS_XY_ADULTOS,XY,PROMO CAMISETAS TERMICAS XY ADULTOS,24-6000,CAMISETAS TERMICAS XY ADULTOS,ADULTOS,UNICO,25000,20000,20000
PROMO_CAMISETAS_TERMICAS_XY_ADULTOS,XY,PROMO CAMISETAS TERMICAS XY ADULTOS,24-6001,CAMISETAS TERMICAS XY ADULTOS,ADULTOS,UNICO,25000,20000,20000
PROMO_CAMISETAS_TERMICAS_XY_NINOS,XY,PROMO CAMISETAS TERMICAS XY NIÑOS,24-6050,CAMISETAS TERMICAS XY NIÑOS,NIÑOS,UNICO,12000,10000,10000
PROMO_3X2_CONJUNTOS_BRALETTE_TRENDA,TRENDA,PROMO 3 X 2 CONJUNTOS BRALETTE TRENDA,12-100,CONJUNTOS BRALETTE TRENDA,CONJUNTOS BRALETTE TRENDA,85|90|95|100|105|110,12000,24000,8000
PROMO_3X2_CONJUNTOS_BRALETTE_TRENDA,TRENDA,PROMO 3 X 2 CONJUNTOS BRALETTE TRENDA,12-114,CONJUNTOS BRALETTE TRENDA,CONJUNTOS BRALETTE TRENDA,85|90|95|100|105|110,12000,24000,8000
PROMO_3X2_CONJUNTOS_BRALETTE_TRENDA,TRENDA,PROMO 3 X 2 CONJUNTOS BRALETTE TRENDA,12-130,CONJUNTOS BRALETTE TRENDA,CONJUNTOS BRALETTE TRENDA,85|90|95|100|105|110,12000,24000,8000
PROMO_3X2_CONJUNTOS_BRALETTE_TRENDA,TRENDA,PROMO 3 X 2 CONJUNTOS BRALETTE TRENDA,12-141,CONJUNTOS BRALETTE TRENDA,CONJUNTOS BRALETTE TRENDA,85|90|95|100|105|110,12000,24000,8000
PROMO_3X2_CONJUNTOS_BRALETTE_TRENDA,TRENDA,PROMO 3 X 2 CONJUNTOS BRALETTE TRENDA,12-150,CONJUNTOS BRALETTE TRENDA,CONJUNTOS BRALETTE TRENDA,85|90|95|100|105|110,12000,24000,8000
PROMO_3X2_CONJUNTOS_BRALETTE_TRENDA,TRENDA,PROMO 3 X 2 CONJUNTOS BRALETTE TRENDA,12-160,CONJUNTOS BRALETTE TRENDA,CONJUNTOS BRALETTE TRENDA,85|90|95|100|105|110,12000,24000,8000
PROMO_3X2_CONJUNTOS_BRALETTE_TRENDA,TRENDA,PROMO 3 X 2 CONJUNTOS BRALETTE TRENDA,12-207,CONJUNTOS BRALETTE TRENDA,CONJUNTOS BRALETTE TRENDA,85|90|95|100|105|110,12000,24000,8000
PROMO_3X2_CONJUNTOS_BRALETTE_TRENDA,TRENDA,PROMO 3 X 2 CONJUNTOS BRALETTE TRENDA,12-1084,CONJUNTOS BRALETTE TRENDA,CONJUNTOS BRALETTE TRENDA,85|90|95|100|105|110,12000,24000,8000
PROMO_3X2_CONJUNTOS_BRALETTE_TRENDA,TRENDA,PROMO 3 X 2 CONJUNTOS BRALETTE TRENDA,12-1086,CONJUNTOS BRALETTE TRENDA,CONJUNTOS BRALETTE TRENDA,85|90|95|100|105|110,12000,24000,8000
PROMO_3X2_CONJUNTOS_BRALETTE_TRENDA,TRENDA,PROMO 3 X 2 CONJUNTOS BRALETTE TRENDA,12-1087,CONJUNTOS BRALETTE TRENDA,CONJUNTOS BRALETTE TRENDA,85|90|95|100|105|110,12000,24000,8000
PROMO_3X2_CONJUNTOS_BRALETTE_TRENDA,TRENDA,PROMO 3 X 2 CONJUNTOS BRALETTE TRENDA,12-132,CONJUNTOS BRALETTE TRENDA,CONJUNTOS BRALETTE TRENDA,85|90|95|100|105|110,12000,24000,8000
PROMO_3X2_CONJUNTOS_BRALETTE_TRENDA,TRENDA,PROMO 3 X 2 CONJUNTOS BRALETTE TRENDA,12-162,CONJUNTOS BRALETTE TRENDA,CONJUNTOS BRALETTE TRENDA,85|90|95|100|105|110,12000,24000,8000
PROMO_3X2_CONJUNTOS_BRALETTE_TRENDA,TRENDA,PROMO 3 X 2 CONJUNTOS BRALETTE TRENDA,12-163,CONJUNTOS BRALETTE TRENDA,CONJUNTOS BRALETTE TRENDA,85|90|95|100|105|110,12000,24000,8000
PROMO_3X2_CONJUNTOS_BRALETTE_TRENDA,TRENDA,PROMO 3 X 2 CONJUNTOS BRALETTE TRENDA,12-2010,CONJUNTOS BRALETTE TRENDA,CONJUNTOS BRALETTE TRENDA,85|90|95|100|105|110,12000,24000,8000
PROMO_3X2_CONJUNTOS_BRALETTE_TRENDA,TRENDA,PROMO 3 X 2 CONJUNTOS BRALETTE TRENDA,12-1099,CONJUNTOS BRALETTE TRENDA,CONJUNTOS BRALETTE TRENDA,85|90|95|100|105|110,12000,24000,8000
PROMO_3X2_CONJUNTOS_BRALETTE_TRENDA,TRENDA,PROMO 3 X 2 CONJUNTOS BRALETTE TRENDA,12-165,CONJUNTOS BRALETTE TRENDA,CONJUNTOS BRALETTE TRENDA,85|90|95|100|105|110,12000,24000,8000
PROMO_3X2_CONJUNTOS_BRALETTE_TRENDA,TRENDA,PROMO 3 X 2 CONJUNTOS BRALETTE TRENDA,12-204,CONJUNTOS BRALETTE TRENDA,CONJUNTOS BRALETTE TRENDA,85|90|95|100|105|110,12000,24000,8000
PROMO_3X2_CONJUNTOS_BRALETTE_TRENDA,TRENDA,PROMO 3 X 2 CONJUNTOS BRALETTE TRENDA,12-2008,CONJUNTOS BRALETTE TRENDA,CONJUNTOS BRALETTE TRENDA,85|90|95|100|105|110,12000,24000,8000
PROMO_3X2_CONJUNTOS_BRALETTE_TRENDA,TRENDA,PROMO 3 X 2 CONJUNTOS BRALETTE TRENDA,12-213,CONJUNTOS BRALETTE TRENDA,CONJUNTOS BRALETTE TRENDA,85|90|95|100|105|110,12000,24000,8000
PROMO_3X2_CONJUNTOS_BRALETTE_TRENDA,TRENDA,PROMO 3 X 2 CONJUNTOS BRALETTE TRENDA,12-131,CONJUNTOS BRALETTE TRENDA,CONJUNTOS BRALETTE TRENDA,85|90|95|100|105|110,12000,24000,8000


PROMO_3X2_CONJUNTOS_TRENDA,TRENDA,PROMO 3 X 2 CONJUNTOS TRENDA,12-103,CONJUNTOS TRENDA,CONJUNTOS TRENDA,85|90|95|100|105|110,15000,30000,10000
PROMO_3X2_CONJUNTOS_TRENDA,TRENDA,PROMO 3 X 2 CONJUNTOS TRENDA,12-161,CONJUNTOS TRENDA,CONJUNTOS TRENDA,85|90|95|100|105|110,15000,30000,10000
PROMO_3X2_CONJUNTOS_TRENDA,TRENDA,PROMO 3 X 2 CONJUNTOS TRENDA,12-169,CONJUNTOS TRENDA,CONJUNTOS TRENDA,85|90|95|100|105|110,15000,30000,10000
PROMO_3X2_CONJUNTOS_TRENDA,TRENDA,PROMO 3 X 2 CONJUNTOS TRENDA,12-806,CONJUNTOS TRENDA,CONJUNTOS TRENDA,85|90|95|100|105|110,15000,30000,10000
PROMO_3X2_CONJUNTOS_TRENDA,TRENDA,PROMO 3 X 2 CONJUNTOS TRENDA,12-922,CONJUNTOS TRENDA,CONJUNTOS TRENDA,85|90|95|100|105|110,15000,30000,10000
PROMO_3X2_CONJUNTOS_TRENDA,TRENDA,PROMO 3 X 2 CONJUNTOS TRENDA,12-930,CONJUNTOS TRENDA,CONJUNTOS TRENDA,85|90|95|100|105|110,15000,30000,10000
PROMO_3X2_CONJUNTOS_TRENDA,TRENDA,PROMO 3 X 2 CONJUNTOS TRENDA,12-1085,CONJUNTOS TRENDA,CONJUNTOS TRENDA,85|90|95|100|105|110,15000,30000,10000
PROMO_3X2_CONJUNTOS_TRENDA,TRENDA,PROMO 3 X 2 CONJUNTOS TRENDA,12-2007,CONJUNTOS TRENDA,CONJUNTOS TRENDA,85|90|95|100|105|110,15000,30000,10000
PROMO_3X2_CONJUNTOS_TRENDA,TRENDA,PROMO 3 X 2 CONJUNTOS TRENDA,12-2015,CONJUNTOS TRENDA,CONJUNTOS TRENDA,85|90|95|100|105|110,15000,30000,10000
PROMO_3X2_CONJUNTOS_TRENDA,TRENDA,PROMO 3 X 2 CONJUNTOS TRENDA,12-2016,CONJUNTOS TRENDA,CONJUNTOS TRENDA,85|90|95|100|105|110,15000,30000,10000
PROMO_3X2_CORPINOS_TRENDA,TRENDA,PROMO 3 X 2 CORPIÑOS TRENDA,12-105,CORPIÑOS TRENDA,CORPIÑOS TRENDA,85|90|95|100|105|110,9000,18000,6000
PROMO_3X2_CORPINOS_TRENDA,TRENDA,PROMO 3 X 2 CORPIÑOS TRENDA,12-109,CORPIÑOS TRENDA,CORPIÑOS TRENDA,85|90|95|100|105|110,9000,18000,6000
PROMO_3X2_CORPINOS_TRENDA,TRENDA,PROMO 3 X 2 CORPIÑOS TRENDA,12-223,CORPIÑOS TRENDA,CORPIÑOS TRENDA,85|90|95|100|105|110,9000,18000,6000
PROMO_3X2_CORPINOS_TRENDA,TRENDA,PROMO 3 X 2 CORPIÑOS TRENDA,12-2000,CORPIÑOS TRENDA,CORPIÑOS TRENDA,85|90|95|100|105|110,9000,18000,6000
PROMO_3X2_CORPINOS_TRENDA,TRENDA,PROMO 3 X 2 CORPIÑOS TRENDA,12-106,CORPIÑOS TRENDA,CORPIÑOS TRENDA,85|90|95|100|105|110,9000,18000,6000
PROMO_3X2_CORPINOS_TRENDA,TRENDA,PROMO 3 X 2 CORPIÑOS TRENDA,12-159,CORPIÑOS TRENDA,CORPIÑOS TRENDA,85|90|95|100|105|110,9000,18000,6000
PROMO_3X2_CORPINOS_TRENDA,TRENDA,PROMO 3 X 2 CORPIÑOS TRENDA,12-212,CORPIÑOS TRENDA,CORPIÑOS TRENDA,85|90|95|100|105|110,9000,18000,6000
PROMO_3X2_CORPINOS_TRENDA,TRENDA,PROMO 3 X 2 CORPIÑOS TRENDA,12-222,CORPIÑOS TRENDA,CORPIÑOS TRENDA,85|90|95|100|105|110,9000,18000,6000
PROMO_3X2_CORPINOS_TRENDA,TRENDA,PROMO 3 X 2 CORPIÑOS TRENDA,12-224,CORPIÑOS TRENDA,CORPIÑOS TRENDA,85|90|95|100|105|110,9000,18000,6000
PROMO_3X2_CORPINOS_TRENDA,TRENDA,PROMO 3 X 2 CORPIÑOS TRENDA,12-1544,CORPIÑOS TRENDA,CORPIÑOS TRENDA,85|90|95|100|105|110,9000,18000,6000
PROMO_3X2_CORPINOS_TRENDA,TRENDA,PROMO 3 X 2 CORPIÑOS TRENDA,12-20003,CORPIÑOS TRENDA,CORPIÑOS TRENDA,85|90|95|100|105|110,9000,18000,6000


PROMO_MEDIAS_COA_COA,COA COA,PROMO MEDIAS COA COA,1-9,MEDIAS COA COA,MEDIAS,UNICO,2300,2000,1800
PROMO_MEDIAS_COA_COA,COA COA,PROMO MEDIAS COA COA,14-1203,MEDIAS COA COA,MEDIAS,UNICO,2300,2000,1800
PROMO_MEDIAS_COA_COA,COA COA,PROMO MEDIAS COA COA,14-3010,MEDIAS COA COA,MEDIAS,UNICO,2300,2000,1800
PROMO_MEDIAS_COA_COA,COA COA,PROMO MEDIAS COA COA,1-6141,MEDIAS COA COA,MEDIAS,UNICO,2300,2000,1800
PROMO_MEDIAS_COA_COA,COA COA,PROMO MEDIAS COA COA,14-3020,MEDIAS COA COA,MEDIAS,UNICO,2300,2000,1800
PROMO_MEDIAS_COA_COA,COA COA,PROMO MEDIAS COA COA,14-3030,MEDIAS COA COA,MEDIAS,UNICO,2300,2000,1800
PROMO_MEDIAS_COA_COA,COA COA,PROMO MEDIAS COA COA,14-3044,MEDIAS COA COA,MEDIAS,UNICO,2300,2000,1800
PROMO_MEDIAS_COA_COA,COA COA,PROMO MEDIAS COA COA,14-2070,MEDIAS COA COA,MEDIAS,UNICO,2300,2000,1800
PROMO_MEDIAS_COA_COA,COA COA,PROMO MEDIAS COA COA,14-2090,MEDIAS COA COA,MEDIAS,UNICO,2300,2000,1800
PROMO_MEDIAS_COA_COA,COA COA,PROMO MEDIAS COA COA,14-2100M,MEDIAS COA COA,MEDIAS,UNICO,2300,2000,1800
PROMO_MEDIAS_COA_COA,COA COA,PROMO MEDIAS COA COA,14-2500M,MEDIAS COA COA,MEDIAS,UNICO,2300,2000,1800
PROMO_MEDIAS_COA_COA,COA COA,PROMO MEDIAS COA COA,36-1,MEDIAS COA COA,MEDIAS,UNICO,2300,2000,1800
PROMO_MEDIAS_COA_COA,COA COA,PROMO MEDIAS COA COA,14-3050,MEDIAS COA COA,MEDIAS,UNICO,2300,2000,1800
PROMO_MEDIAS_COA_COA,COA COA,PROMO MEDIAS COA COA,14-3060,MEDIAS COA COA,MEDIAS,UNICO,2300,2000,1800
PROMO_MEDIAS_COA_COA,COA COA,PROMO MEDIAS COA COA,1-6142,MEDIAS COA COA,MEDIAS,UNICO,2300,2000,1800
PROMO_MEDIAS_COA_COA,COA COA,PROMO MEDIAS COA COA,14-3070,MEDIAS COA COA,MEDIAS,UNICO,2300,2000,1800
PROMO_MEDIAS_COA_COA,COA COA,PROMO MEDIAS COA COA,14-3090,MEDIAS COA COA,MEDIAS,UNICO,2300,2000,1800
PROMO_MEDIAS_COA_COA,COA COA,PROMO MEDIAS COA COA,14-2510,MEDIAS COA COA,MEDIAS,UNICO,2300,2000,1800
PROMO_MEDIAS_COA_COA,COA COA,PROMO MEDIAS COA COA,14-2530,MEDIAS COA COA,MEDIAS,UNICO,2300,2000,1800
PROMO_MEDIAS_COA_COA,COA COA,PROMO MEDIAS COA COA,14-2600M,MEDIAS COA COA,MEDIAS,UNICO,2300,2000,1800
PROMO_MEDIAS_COA_COA,COA COA,PROMO MEDIAS COA COA,1-6140,MEDIAS COA COA,MEDIAS,UNICO,2300,2000,1800
PROMO_MEDIAS_COA_COA,COA COA,PROMO MEDIAS COA COA,14-3000,MEDIAS COA COA,MEDIAS,UNICO,2300,2000,1800
PROMO_MEDIAS_COA_COA,COA COA,PROMO MEDIAS COA COA,14-3100,MEDIAS COA COA,MEDIAS,UNICO,2300,2000,1800
PROMO_MEDIAS_RIO,RIO,MEDIAS RIO,1-602300,MEDIAS RIO,MEDIAS,UNICO,2500,5000,5000
PROMO_MEDIAS_RIO,RIO,MEDIAS RIO,1-602301,MEDIAS RIO,MEDIAS,UNICO,2500,5000,5000
PROMO_MEDIAS_RIO,RIO,MEDIAS RIO,1-602400,MEDIAS RIO,MEDIAS,UNICO,2500,5000,5000
PROMO_MEDIAS_RIO,RIO,MEDIAS RIO,1-602302,MEDIAS RIO,MEDIAS,UNICO,2500,5000,5000
PROMO_MEDIAS_RIO,RIO,MEDIAS RIO,1-6441,MEDIAS RIO,MEDIAS,UNICO,2500,5000,5000
PROMO_MEDIAS_RIO_PACK_X2,RIO,MEDIAS RIO PACK X 2,1-6440,MEDIAS RIO PACK X 2,MEDIAS,UNICO,5000,5000,5000
PROMO_MEDIAS_COCOT_DUFOUR_ZAILU_RIO,MEDIAS,PROMO MEDIAS COCOT-DUFOUR-ZAILU-RIO,1-2801,MEDIAS COCOT-DUFOUR-ZAILU-RIO,MEDIAS,UNICO,2500,5000,5000
PROMO_MEDIAS_COCOT_DUFOUR_ZAILU_RIO,MEDIAS,PROMO MEDIAS COCOT-DUFOUR-ZAILU-RIO,1-2802,MEDIAS COCOT-DUFOUR-ZAILU-RIO,MEDIAS,UNICO,2500,5000,5000
PROMO_MEDIAS_COCOT_DUFOUR_ZAILU_RIO,MEDIAS,PROMO MEDIAS COCOT-DUFOUR-ZAILU-RIO,1-2803,MEDIAS COCOT-DUFOUR-ZAILU-RIO,MEDIAS,UNICO,2500,5000,5000
PROMO_MEDIAS_COCOT_DUFOUR_ZAILU_RIO,MEDIAS,PROMO MEDIAS COCOT-DUFOUR-ZAILU-RIO,1-2804,MEDIAS COCOT-DUFOUR-ZAILU-RIO,MEDIAS,UNICO,2500,5000,5000
PROMO_MEDIAS_COCOT_DUFOUR_ZAILU_RIO,MEDIAS,PROMO MEDIAS COCOT-DUFOUR-ZAILU-RIO,1-2805,MEDIAS COCOT-DUFOUR-ZAILU-RIO,MEDIAS,UNICO,2500,5000,5000
PROMO_MEDIAS_COCOT_DUFOUR_ZAILU_RIO,MEDIAS,PROMO MEDIAS COCOT-DUFOUR-ZAILU-RIO,1-2806,MEDIAS COCOT-DUFOUR-ZAILU-RIO,MEDIAS,UNICO,2500,5000,5000
PROMO_MEDIAS_COCOT_DUFOUR_ZAILU_RIO,MEDIAS,PROMO MEDIAS COCOT-DUFOUR-ZAILU-RIO,1-602100,MEDIAS COCOT-DUFOUR-ZAILU-RIO,MEDIAS,UNICO,2500,5000,5000
PROMO_MEDIAS_COCOT_DUFOUR_ZAILU_RIO,MEDIAS,PROMO MEDIAS COCOT-DUFOUR-ZAILU-RIO,1-602101,MEDIAS COCOT-DUFOUR-ZAILU-RIO,MEDIAS,UNICO,2500,5000,5000
PROMO_MEDIAS_COCOT_DUFOUR_ZAILU_RIO,MEDIAS,PROMO MEDIAS COCOT-DUFOUR-ZAILU-RIO,1-602102,MEDIAS COCOT-DUFOUR-ZAILU-RIO,MEDIAS,UNICO,2500,5000,5000
PROMO_MEDIAS_COCOT_DUFOUR_ZAILU_RIO,MEDIAS,PROMO MEDIAS COCOT-DUFOUR-ZAILU-RIO,1-602230,MEDIAS COCOT-DUFOUR-ZAILU-RIO,MEDIAS,UNICO,2500,5000,5000
PROMO_MEDIAS_COCOT_DUFOUR_ZAILU_RIO,MEDIAS,PROMO MEDIAS COCOT-DUFOUR-ZAILU-RIO,1-602110,MEDIAS COCOT-DUFOUR-ZAILU-RIO,MEDIAS,UNICO,2500,5000,5000
PROMO_MEDIAS_COCOT_DUFOUR_ZAILU_RIO,MEDIAS,PROMO MEDIAS COCOT-DUFOUR-ZAILU-RIO,1-602110P,MEDIAS COCOT-DUFOUR-ZAILU-RIO,MEDIAS,UNICO,2500,5000,5000
PROMO_MEDIAS_COCOT_DUFOUR_ZAILU_RIO,MEDIAS,PROMO MEDIAS COCOT-DUFOUR-ZAILU-RIO,1-602100P,MEDIAS COCOT-DUFOUR-ZAILU-RIO,MEDIAS,UNICO,2500,5000,5000
PROMO_MEDIAS_COCOT_DUFOUR_ZAILU_RIO,MEDIAS,PROMO MEDIAS COCOT-DUFOUR-ZAILU-RIO,1-602200P,MEDIAS COCOT-DUFOUR-ZAILU-RIO,MEDIAS,UNICO,2500,5000,5000
PROMO_MEDIAS_COCOT_DUFOUR_ZAILU_RIO,MEDIAS,PROMO MEDIAS COCOT-DUFOUR-ZAILU-RIO,21-2331,MEDIAS COCOT-DUFOUR-ZAILU-RIO,MEDIAS,UNICO,2500,5000,5000
PROMO_MEDIAS_COCOT_DUFOUR_ZAILU_RIO,MEDIAS,PROMO MEDIAS COCOT-DUFOUR-ZAILU-RIO,21-2599,MEDIAS COCOT-DUFOUR-ZAILU-RIO,MEDIAS,UNICO,2500,5000,5000
PROMO_MEDIAS_COCOT_DUFOUR_ZAILU_RIO,MEDIAS,PROMO MEDIAS COCOT-DUFOUR-ZAILU-RIO,40-3153,MEDIAS COCOT-DUFOUR-ZAILU-RIO,MEDIAS,UNICO,2500,5000,5000
PROMO_MEDIAS_COCOT_DUFOUR_ZAILU_RIO,MEDIAS,PROMO MEDIAS COCOT-DUFOUR-ZAILU-RIO,40-3270,MEDIAS COCOT-DUFOUR-ZAILU-RIO,MEDIAS,UNICO,2500,5000,5000
PROMO_MEDIAS_COCOT_DUFOUR_ZAILU_RIO,MEDIAS,PROMO MEDIAS COCOT-DUFOUR-ZAILU-RIO,40-3340,MEDIAS COCOT-DUFOUR-ZAILU-RIO,MEDIAS,UNICO,2500,5000,5000
PROMO_MEDIAS_COCOT_DUFOUR_ZAILU_RIO,MEDIAS,PROMO MEDIAS COCOT-DUFOUR-ZAILU-RIO,40-3343,MEDIAS COCOT-DUFOUR-ZAILU-RIO,MEDIAS,UNICO,2500,5000,5000
PROMO_MEDIAS_COCOT_DUFOUR_ZAILU_RIO,MEDIAS,PROMO MEDIAS COCOT-DUFOUR-ZAILU-RIO,40-3339,MEDIAS COCOT-DUFOUR-ZAILU-RIO,MEDIAS,UNICO,2500,5000,5000
PROMO_MEDIAS_COCOT_DUFOUR_ZAILU_RIO,MEDIAS,PROMO MEDIAS COCOT-DUFOUR-ZAILU-RIO,40-3318,MEDIAS COCOT-DUFOUR-ZAILU-RIO,MEDIAS,UNICO,2500,5000,5000
PROMO_MEDIAS_COCOT_DUFOUR_ZAILU_RIO,MEDIAS,PROMO MEDIAS COCOT-DUFOUR-ZAILU-RIO,40-3261,MEDIAS COCOT-DUFOUR-ZAILU-RIO,MEDIAS,UNICO,2500,5000,5000
PROMO_MEDIAS_COCOT_DUFOUR_ZAILU_RIO,MEDIAS,PROMO MEDIAS COCOT-DUFOUR-ZAILU-RIO,40-3036.3,MEDIAS COCOT-DUFOUR-ZAILU-RIO,MEDIAS,UNICO,2500,5000,5000
PROMO_MEDIAS_COCOT_DUFOUR_ZAILU_RIO,MEDIAS,PROMO MEDIAS COCOT-DUFOUR-ZAILU-RIO,40-3223.3,MEDIAS COCOT-DUFOUR-ZAILU-RIO,MEDIAS,UNICO,2500,5000,5000
PROMO_MEDIAS_COCOT_DUFOUR_ZAILU_RIO,MEDIAS,PROMO MEDIAS COCOT-DUFOUR-ZAILU-RIO,40-3253.3,MEDIAS COCOT-DUFOUR-ZAILU-RIO,MEDIAS,UNICO,2500,5000,5000
PROMO_PIJAMAS_INV_MK_DISC,MK,PROMO PIJAMAS INV MK DISC,28-4150,PIJAMAS INV MK DISC,PIJAMAS,UNICO,36000,72000,24000
PROMO_PIJAMAS_INV_MK_DISC,MK,PROMO PIJAMAS INV MK DISC,28-420,PIJAMAS INV MK DISC,PIJAMAS,UNICO,36000,72000,24000
PROMO_PIJAMAS_INV_MK_DISC,MK,PROMO PIJAMAS INV MK DISC,28-4204,PIJAMAS INV MK DISC,PIJAMAS,UNICO,36000,72000,24000
PROMO_PIJAMAS_INV_MK_DISC,MK,PROMO PIJAMAS INV MK DISC,28-4206,PIJAMAS INV MK DISC,PIJAMAS,UNICO,36000,72000,24000
PROMO_PIJAMAS_INV_MK_DISC,MK,PROMO PIJAMAS INV MK DISC,28-4161,PIJAMAS INV MK DISC,PIJAMAS,UNICO,36000,72000,24000
PROMO_PIJAMAS_INV_MK_DISC,MK,PROMO PIJAMAS INV MK DISC,28-4209,PIJAMAS INV MK DISC,PIJAMAS,UNICO,36000,72000,24000
PROMO_PIJAMAS_INV_MK_DISC,MK,PROMO PIJAMAS INV MK DISC,28-4213,PIJAMAS INV MK DISC,PIJAMAS,UNICO,36000,72000,24000
PROMO_PIJAMAS_INV_MK_DISC,MK,PROMO PIJAMAS INV MK DISC,28-4156,PIJAMAS INV MK DISC,PIJAMAS,UNICO,36000,72000,24000
PROMO_PIJAMAS_INV_MK_DISC,MK,PROMO PIJAMAS INV MK DISC,28-4151,PIJAMAS INV MK DISC,PIJAMAS,UNICO,36000,72000,24000
PROMO_PIJAMAS_INV_MK_DISC,MK,PROMO PIJAMAS INV MK DISC,28-4246,PIJAMAS INV MK DISC,PIJAMAS,UNICO,36000,72000,24000
PROMO_PIJAMAS_INV_MK_DISC,MK,PROMO PIJAMAS INV MK DISC,28-4237,PIJAMAS INV MK DISC,PIJAMAS,UNICO,36000,72000,24000
PROMO_PIJAMAS_INV_MK_DISC,MK,PROMO PIJAMAS INV MK DISC,28-4238,PIJAMAS INV MK DISC,PIJAMAS,UNICO,36000,72000,24000
PROMO_PIJAMAS_INV_MK_DISC,MK,PROMO PIJAMAS INV MK DISC,28-4239,PIJAMAS INV MK DISC,PIJAMAS,UNICO,36000,72000,24000
PROMO_PIJAMAS_INV_MK_DISC,MK,PROMO PIJAMAS INV MK DISC,28-4240,PIJAMAS INV MK DISC,PIJAMAS,UNICO,36000,72000,24000
PROMO_PIJAMAS_INV_MK_DISC,MK,PROMO PIJAMAS INV MK DISC,28-4241,PIJAMAS INV MK DISC,PIJAMAS,UNICO,36000,72000,24000
PROMO_PIJAMAS_INV_MK_DISC,MK,PROMO PIJAMAS INV MK DISC,28-4242,PIJAMAS INV MK DISC,PIJAMAS,UNICO,36000,72000,24000
PROMO_PIJAMAS_INV_MK_DISC,MK,PROMO PIJAMAS INV MK DISC,28-4247,PIJAMAS INV MK DISC,PIJAMAS,UNICO,36000,72000,24000
PROMO_PIJAMAS_INV_MK_DISC,MK,PROMO PIJAMAS INV MK DISC,28-4163,PIJAMAS INV MK DISC,PIJAMAS,UNICO,36000,72000,24000
PROMO_PIJAMAS_INV_MK_DISC,MK,PROMO PIJAMAS INV MK DISC,28-4243,PIJAMAS INV MK DISC,PIJAMAS,UNICO,36000,72000,24000
PROMO_PIJAMAS_INV_MK_DISC,MK,PROMO PIJAMAS INV MK DISC,28-4152,PIJAMAS INV MK DISC,PIJAMAS,UNICO,36000,72000,24000
PROMO_PIJAMAS_INV_ANDRESSA_20000,ANDRESSA,PROMO PIJAMAS INV ANDRESSA,05-8011,PIJAMAS INV ANDRESSA,PIJAMAS,UNICO,20000,20000,20000
PROMO_PIJAMAS_INV_ANDRESSA_20000,ANDRESSA,PROMO PIJAMAS INV ANDRESSA,05-7011,PIJAMAS INV ANDRESSA,PIJAMAS,UNICO,20000,20000,20000
PROMO_PIJAMAS_INV_ANDRESSA_20000,ANDRESSA,PROMO PIJAMAS INV ANDRESSA,05-7004,PIJAMAS INV ANDRESSA,PIJAMAS,UNICO,20000,20000,20000
PROMO_PIJAMAS_INV_ANDRESSA_20000,ANDRESSA,PROMO PIJAMAS INV ANDRESSA,05-7006,PIJAMAS INV ANDRESSA,PIJAMAS,UNICO,20000,20000,20000
PROMO_PIJAMAS_INV_ANDRESSA_25000,ANDRESSA,PROMO PIJAMAS INV ANDRESSA,05-8010,PIJAMAS INV ANDRESSA,PIJAMAS,UNICO,25000,25000,25000
PROMO_PIJAMAS_INV_ANDRESSA_35000,ANDRESSA,PROMO PIJAMAS INV ANDRESSA,05-7002,PIJAMAS INV ANDRESSA,PIJAMAS,UNICO,35000,35000,35000
PROMO_PIJAMAS_INV_ANDRESSA_35000,ANDRESSA,PROMO PIJAMAS INV ANDRESSA,05-7003,PIJAMAS INV ANDRESSA,PIJAMAS,UNICO,35000,35000,35000
PROMO_PIJAMAS_INV_ANDRESSA_35000,ANDRESSA,PROMO PIJAMAS INV ANDRESSA,05-7010,PIJAMAS INV ANDRESSA,PIJAMAS,UNICO,35000,35000,35000
PROMO_PIJAMAS_INV_ANDRESSA_35000,ANDRESSA,PROMO PIJAMAS INV ANDRESSA,05-7012,PIJAMAS INV ANDRESSA,PIJAMAS,UNICO,35000,35000,35000
PROMO_PIJAMAS_INV_ANDRESSA_35000,ANDRESSA,PROMO PIJAMAS INV ANDRESSA,05-7016,PIJAMAS INV ANDRESSA,PIJAMAS,UNICO,35000,35000,35000
PROMO_PIJAMAS_INV_ANDRESSA_35000,ANDRESSA,PROMO PIJAMAS INV ANDRESSA,05-8006,PIJAMAS INV ANDRESSA,PIJAMAS,UNICO,35000,35000,35000
PROMO_PIJAMAS_INV_ANDRESSA_35000,ANDRESSA,PROMO PIJAMAS INV ANDRESSA,05-7005,PIJAMAS INV ANDRESSA,PIJAMAS,UNICO,35000,35000,35000
PROMO_PIJAMAS_INV_DISNEY_ADULTOS,DISNEY,PROMO PIJAMAS INV DISNEY ADULTOS,40-21063,PIJAMAS INV DISNEY ADULTOS,ADULTOS,UNICO,20000,20000,30000
PROMO_PIJAMAS_INV_DISNEY_ADULTOS,DISNEY,PROMO PIJAMAS INV DISNEY ADULTOS,40-2106,PIJAMAS INV DISNEY ADULTOS,ADULTOS,UNICO,20000,20000,30000
PROMO_PIJAMAS_INV_DISNEY_ADULTOS,DISNEY,PROMO PIJAMAS INV DISNEY ADULTOS,40-21069,PIJAMAS INV DISNEY ADULTOS,ADULTOS,UNICO,20000,20000,30000
PROMO_PIJAMAS_INV_DISNEY_ADULTOS,DISNEY,PROMO PIJAMAS INV DISNEY ADULTOS,40-21070,PIJAMAS INV DISNEY ADULTOS,ADULTOS,UNICO,20000,20000,30000
PROMO_PIJAMAS_INV_DISNEY_ADULTOS,DISNEY,PROMO PIJAMAS INV DISNEY ADULTOS,40-21060,PIJAMAS INV DISNEY ADULTOS,ADULTOS,UNICO,20000,20000,15000
PROMO_PIJAMAS_INV_DISNEY_ADULTOS,DISNEY,PROMO PIJAMAS INV DISNEY ADULTOS,40-21064,PIJAMAS INV DISNEY ADULTOS,ADULTOS,UNICO,20000,20000,15000
PROMO_PIJAMAS_INV_DISNEY_ADULTOS,DISNEY,PROMO PIJAMAS INV DISNEY ADULTOS,40-21072,PIJAMAS INV DISNEY ADULTOS,ADULTOS,UNICO,20000,20000,15000
PROMO_PIJAMAS_INV_DISNEY_ADULTOS,DISNEY,PROMO PIJAMAS INV DISNEY ADULTOS,40-21073,PIJAMAS INV DISNEY ADULTOS,ADULTOS,UNICO,20000,20000,15000
PROMO_PIJAMAS_INV_DISNEY_NINOS,DISNEY,PROMO PIJAMAS INV DISNEY NIÑOS,1-7027,PIJAMAS INV DISNEY NIÑOS,NIÑOS,UNICO,20000,20000,20000
PROMO_PIJAMAS_INV_DISNEY_NINOS,DISNEY,PROMO PIJAMAS INV DISNEY NIÑOS,40-20335,PIJAMAS INV DISNEY NIÑOS,NIÑOS,UNICO,20000,20000,30000
PROMO_PIJAMAS_INV_DISNEY_NINOS,DISNEY,PROMO PIJAMAS INV DISNEY NIÑOS,40-20503,PIJAMAS INV DISNEY NIÑOS,NIÑOS,UNICO,20000,20000,30000
PROMO_PIJAMAS_INV_DISNEY_NINOS,DISNEY,PROMO PIJAMAS INV DISNEY NIÑOS,40-2035,PIJAMAS INV DISNEY NIÑOS,NIÑOS,UNICO,20000,20000,15000
PROMO_PIJAMAS_INV_DISNEY_NINOS,DISNEY,PROMO PIJAMAS INV DISNEY NIÑOS,40-20306,PIJAMAS INV DISNEY NIÑOS,NIÑOS,UNICO,20000,20000,15000
PROMO_PIJAMAS_INV_DISNEY_NINOS,DISNEY,PROMO PIJAMAS INV DISNEY NIÑOS,40-20501,PIJAMAS INV DISNEY NIÑOS,NIÑOS,UNICO,20000,20000,15000
PROMO_PIJAMAS_INV_DISNEY_NINOS,DISNEY,PROMO PIJAMAS INV DISNEY NIÑOS,40-20520,PIJAMAS INV DISNEY NIÑOS,NIÑOS,UNICO,20000,20000,15000
PROMO_PIJAMAS_INV_DISNEY_NINOS,DISNEY,PROMO PIJAMAS INV DISNEY NIÑOS,40-20521,PIJAMAS INV DISNEY NIÑOS,NIÑOS,UNICO,20000,20000,15000
PROMO_PIJAMAS_INV_DISNEY_NINOS,DISNEY,PROMO PIJAMAS INV DISNEY NIÑOS,40-20309,PIJAMAS INV DISNEY NIÑOS,NIÑOS,UNICO,20000,20000,15000
PROMO_PIJAMAS_INV_DISNEY_NINOS,DISNEY,PROMO PIJAMAS INV DISNEY NIÑOS,40-20519,PIJAMAS INV DISNEY NIÑOS,NIÑOS,UNICO,20000,20000,15000
PROMO_PIJAMAS_INV_DISNEY_NINOS,DISNEY,PROMO PIJAMAS INV DISNEY NIÑOS,40-20327,PIJAMAS INV DISNEY NIÑOS,NIÑOS,UNICO,20000,20000,15000
PROMO_PIJAMAS_INV_DISNEY_NINOS,DISNEY,PROMO PIJAMAS INV DISNEY NIÑOS,40-20328,PIJAMAS INV DISNEY NIÑOS,NIÑOS,UNICO,20000,20000,15000
PROMO_PIJAMAS_INV_DISNEY_NINOS,DISNEY,PROMO PIJAMAS INV DISNEY NIÑOS,40-20326,PIJAMAS INV DISNEY NIÑOS,NIÑOS,UNICO,20000,20000,15000
PROMO_PIJAMAS_INV_YENADI,YENADI,PROMO PIJAMAS INV YENADI,37-23100,PIJAMAS INV YENADI,PIJAMAS,UNICO,15000,15000,15000
PROMO_PIJAMAS_INV_YENADI,YENADI,PROMO PIJAMAS INV YENADI,37-2310201,PIJAMAS INV YENADI,PIJAMAS,UNICO,15000,15000,15000
PROMO_PIJAMAS_INV_YENADI,YENADI,PROMO PIJAMAS INV YENADI,37-2310224,PIJAMAS INV YENADI,PIJAMAS,UNICO,15000,15000,15000
PROMO_PIJAMAS_INV_YENADI,YENADI,PROMO PIJAMAS INV YENADI,37-2310207,PIJAMAS INV YENADI,PIJAMAS,UNICO,15000,15000,15000
PROMO_PIJAMAS_INV_YENADI,YENADI,PROMO PIJAMAS INV YENADI,37-23111,PIJAMAS INV YENADI,PIJAMAS,UNICO,15000,15000,15000
PROMO_PIJAMAS_INV_YENADI,YENADI,PROMO PIJAMAS INV YENADI,37-23903,PIJAMAS INV YENADI,PIJAMAS,UNICO,15000,15000,15000
PROMO_PIJAMAS_INV_YENADI,YENADI,PROMO PIJAMAS INV YENADI,37-23905,PIJAMAS INV YENADI,PIJAMAS,UNICO,15000,15000,15000
PROMO_PIJAMAS_INVIERNO_DISNEY_DAMAS,DISNEY,PROMO PIJAMAS INVIERNO DISNEY DAMAS,40-20138,PIJAMAS INVIERNO DISNEY DAMAS,PIJAMAS DAMAS,UNICO,30000,30000,25000

PROMO_BOXER_TOM_DUFOUR_INTERMEZZO,BOXER,PROMO BOXER TOM - DUFOUR - INTERMEZZO,21-1185,BOXER TOM DUFOUR INTERMEZZO,BOXER,S|M|L|XL|XXL,5000,12000,3000
PROMO_BOXER_TOM_DUFOUR_INTERMEZZO,BOXER,PROMO BOXER TOM - DUFOUR - INTERMEZZO,21-11812,BOXER TOM DUFOUR INTERMEZZO,BOXER,S|M|L|XL|XXL,5000,12000,3000
PROMO_BOXER_TOM_DUFOUR_INTERMEZZO,BOXER,PROMO BOXER TOM - DUFOUR - INTERMEZZO,48-5114,BOXER TOM DUFOUR INTERMEZZO,BOXER,S|M|L|XL|XXL,5000,12000,3000
PROMO_BOXER_TOM_DUFOUR_INTERMEZZO,BOXER,PROMO BOXER TOM - DUFOUR - INTERMEZZO,48-5103,BOXER TOM DUFOUR INTERMEZZO,BOXER,S|M|L|XL|XXL,5000,12000,3000
PROMO_BOXER_TOM_DUFOUR_INTERMEZZO,BOXER,PROMO BOXER TOM - DUFOUR - INTERMEZZO,14-950,BOXER TOM DUFOUR INTERMEZZO,BOXER,S|M|L|XL|XXL,5000,12000,3000
PROMO_BOXER_TOM_DUFOUR_INTERMEZZO,BOXER,PROMO BOXER TOM - DUFOUR - INTERMEZZO,21-11928,BOXER TOM DUFOUR INTERMEZZO,BOXER,S|M|L|XL|XXL,5000,12000,3000
PROMO_BOXER_TOM_DUFOUR_INTERMEZZO,BOXER,PROMO BOXER TOM - DUFOUR - INTERMEZZO,21-11784,BOXER TOM DUFOUR INTERMEZZO,BOXER,S|M|L|XL|XXL,5000,12000,3000
PROMO_BOXER_TOM_DUFOUR_INTERMEZZO,BOXER,PROMO BOXER TOM - DUFOUR - INTERMEZZO,21-11738,BOXER TOM DUFOUR INTERMEZZO,BOXER,S|M|L|XL|XXL,5000,12000,3000
PROMO_BOXER_TOM_DUFOUR_INTERMEZZO,BOXER,PROMO BOXER TOM - DUFOUR - INTERMEZZO,21-11751,BOXER TOM DUFOUR INTERMEZZO,BOXER,S|M|L|XL|XXL,5000,12000,3000
PROMO_BOXER_TOM_DUFOUR_INTERMEZZO,BOXER,PROMO BOXER TOM - DUFOUR - INTERMEZZO,21-11763,BOXER TOM DUFOUR INTERMEZZO,BOXER,S|M|L|XL|XXL,5000,12000,3000
PROMO_BOXER_TOM_DUFOUR_INTERMEZZO,BOXER,PROMO BOXER TOM - DUFOUR - INTERMEZZO,21-11814,BOXER TOM DUFOUR INTERMEZZO,BOXER,S|M|L|XL|XXL,5000,12000,3000
PROMO_BOXER_TOM_DUFOUR_INTERMEZZO,BOXER,PROMO BOXER TOM - DUFOUR - INTERMEZZO,21-11890,BOXER TOM DUFOUR INTERMEZZO,BOXER,S|M|L|XL|XXL,5000,1200₀,3₀₀₀
PROMO_BOXER_TOM_DUFOUR_INTERMEZZO,BOXER,PROMO BOXER TOM - DUFOUR - INTERMEZZO,21-11762,BOXER TOM DUFOUR INTERMEZZO,BOXER,S|M|L|XL|XXL,5000,12000,3000
PROMO_BOXER_TOM_DUFOUR_INTERMEZZO,BOXER,PROMO BOXER TOM - DUFOUR - INTERMEZZO,21-11768,BOXER TOM DUFOUR INTERMEZZO,BOXER,S|M|L|XL|XXL,5000,12000,3000
PROMO_BOXER_TOM_DUFOUR_INTERMEZZO,BOXER,PROMO BOXER TOM - DUFOUR - INTERMEZZO,21-11769,BOXER TOM DUFOUR INTERMEZZO,BOXER,S|M|L|XL|XXL,5000,12000,3000
PROMO_BOXER_TOM_DUFOUR_INTERMEZZO,BOXER,PROMO BOXER TOM - DUFOUR - INTERMEZZO,21-11770,BOXER TOM DUFOUR INTERMEZZO,BOXER,S|M|L|XL|XXL,5000,12000,3000
PROMO_BOXER_TOM_DUFOUR_INTERMEZZO,BOXER,PROMO BOXER TOM - DUFOUR - INTERMEZZO,21-11780,BOXER TOM DUFOUR INTERMEZZO,BOXER,S|M|L|XL|XXL,5000,12000,3000
PROMO_BOXER_TOM_DUFOUR_INTERMEZZO,BOXER,PROMO BOXER TOM - DUFOUR - INTERMEZZO,21-11783,BOXER TOM DUFOUR INTERMEZZO,BOXER,S|M|L|XL|XXL,5000,12000,3000
PROMO_BOXER_TOM_DUFOUR_INTERMEZZO,BOXER,PROMO BOXER TOM - DUFOUR - INTERMEZZO,21-11830,BOXER TOM DUFOUR INTERMEZZO,BOXER,S|M|L|XL|XXL,5000,12000,3000
PROMO_BOXER_TOM_DUFOUR_INTERMEZZO,BOXER,PROMO BOXER TOM - DUFOUR - INTERMEZZO,21-11838,BOXER TOM DUFOUR INTERMEZZO,BOXER,S|M|L|XL|XXL,5000,12000,3000
PROMO_BOXER_TOM_DUFOUR_INTERMEZZO,BOXER,PROMO BOXER TOM - DUFOUR - INTERMEZZO,21-11839,BOXER TOM DUFOUR INTERMEZZO,BOXER,S|M|L|XL|XXL,5000,12000,3000
PROMO_BOXER_TOM_DUFOUR_INTERMEZZO,BOXER,PROMO BOXER TOM - DUFOUR - INTERMEZZO,21-11842,BOXER TOM DUFOUR INTERMEZZO,BOXER,S|M|L|XL|XXL,5000,12000,3000
PROMO_BOXER_TOM_DUFOUR_INTERMEZZO,BOXER,PROMO BOXER TOM - DUFOUR - INTERMEZZO,21-11851,BOXER TOM DUFOUR INTERMEZZO,BOXER,S|M|L|XL|XXL,5000,12000,3000
PROMO_BOXER_TOM_DUFOUR_INTERMEZZO,BOXER,PROMO BOXER TOM - DUFOUR - INTERMEZZO,21-11874,BOXER TOM DUFOUR INTERMEZZO,BOXER,S|M|L|XL|XXL,5000,12000,3000
PROMO_BOXER_TOM_DUFOUR_INTERMEZZO,BOXER,PROMO BOXER TOM - DUFOUR - INTERMEZZO,21-11880,BOXER TOM DUFOUR INTERMEZZO,BOXER,S|M|L|XL|XXL,5000,12000,3000
PROMO_BOXER_TOM_DUFOUR_INTERMEZZO,BOXER,PROMO BOXER TOM - DUFOUR - INTERMEZZO,21-11754,BOXER TOM DUFOUR INTERMEZZO,BOXER,S|M|L|XL|XXL,5000,12000,3₀₀₀
PROMO_BOXER_TOM_DUFOUR_INTERMEZZO,BOXER,PROMO BOXER TOM - DUFOUR - INTERMEZZO,21-11755,BOXER TOM DUFOUR INTERMEZZO,BOXER,S|M|L|XL|XXL,5000,12000,3000
PROMO_BOXER_TOM_DUFOUR_INTERMEZZO,BOXER,PROMO BOXER TOM - DUFOUR - INTERMEZZO,21-11756,BOXER TOM DUFOUR INTERMEZZO,BOXER,S|M|L|XL|XXL,5000,12000,3000
PROMO_BOXER_TOM_DUFOUR_INTERMEZZO,BOXER,PROMO BOXER TOM - DUFOUR - INTERMEZZO,21-11757,BOXER TOM DUFOUR INTERMEZZO,BOXER,S|M|L|XL|XXL,5000,12000,3000
PROMO_BOXER_TOM_DUFOUR_INTERMEZZO,BOXER,PROMO BOXER TOM - DUFOUR - INTERMEZZO,21-11758,BOXER TOM DUFOUR INTERMEZZO,BOXER,S|M|L|XL|XXL,5000,12000,3000
PROMO_BOXER_TOM_DUFOUR_INTERMEZZO,BOXER,PROMO BOXER TOM - DUFOUR - INTERMEZZO,21-11778,BOXER TOM DUFOUR INTERMEZZO,BOXER,S|M|L|XL|XXL,5000,12000,3000
PROMO_BOXER_TOM_DUFOUR_INTERMEZZO,BOXER,PROMO BOXER TOM - DUFOUR - INTERMEZZO,21-11779,BOXER TOM DUFOUR INTERMEZZO,BOXER,S|M|L|XL|XXL,5000,12000,3000
PROMO_BOXER_TOM_DUFOUR_INTERMEZZO,BOXER,PROMO BOXER TOM - DUFOUR - INTERMEZZO,21-11785,BOXER TOM DUFOUR INTERMEZZO,BOXER,S|M|L|XL|XXL,5000,12000,3000
PROMO_BOXER_TOM_DUFOUR_INTERMEZZO,BOXER,PROMO BOXER TOM - DUFOUR - INTERMEZZO,21-11794,BOXER TOM DUFOUR INTERMEZZO,BOXER,S|M|L|XL|XXL,5000,12000,3000
PROMO_BOXER_TOM_DUFOUR_INTERMEZZO,BOXER,PROMO BOXER TOM - DUFOUR - INTERMEZZO,21-11843,BOXER TOM DUFOUR INTERMEZZO,BOXER,S|M|L|XL|XXL,5000,12000,3000
PROMO_BOXER_TOM_DUFOUR_INTERMEZZO,BOXER,PROMO BOXER TOM - DUFOUR - INTERMEZZO,21-12051,BOXER TOM DUFOUR INTERMEZZO,BOXER,S|M|L|XL|XXL,5000,12000,3000





promo-pack-brigitte-lupe,Brigitte-Lupe,PROMO PACK Brigitte Lupe,03-1201,PROMO PACK Brigitte Lupe,Packs,UNICO,7000,7000,10000
promo-pack-brigitte-lupe,Brigitte-Lupe,PROMO PACK Brigitte Lupe,34-722,PROMO PACK Brigitte Lupe,Packs,UNICO,7000,7000,10000

promo-pack-rio-1,Rio,PROMO PACK RIO 1,1-30211,PROMO PACK RIO 1,Packs,UNICO,2660,3000,
promo-pack-rio-1,Rio,PROMO PACK RIO 1,1-30212,PROMO PACK RIO 1,Packs,UNICO,2660,3000,
promo-pack-rio-1,Rio,PROMO PACK RIO 1,1-30213,PROMO PACK RIO 1,Packs,UNICO,2660,3000,
promo-pack-rio-2,Rio,PROMO PACK RIO 2,1-30215,PROMO PACK RIO 2,Packs,UNICO,2500,3200,
promo-pack-rio-2,Rio,PROMO PACK RIO 2,1-30216,PROMO PACK RIO 2,Packs,UNICO,2500,3200,
promo-pack-rio-3,Rio,PROMO PACK RIO 3,1-30210,PROMO PACK RIO 3,Packs,UNICO,2800,3333.34,

promo-pack-rio-4,Rio,PROMO PACK RIO 4,1-30214,PROMO PACK RIO 4,Packs,UNICO,2000,2000,



promo-kaury-mallas-20-15,Kaury,PROMO MALLAS KAURY,29-569,PROMO MALLAS KAURY,Mallas,4|6|8|10,20000,15000,15000
promo-kaury-mallas-20-15,Kaury,PROMO MALLAS KAURY,29-570,PROMO MALLAS KAURY,Mallas,4|6|8|10,20000,15000,15000
promo-kaury-mallas-20-15,Kaury,PROMO MALLAS KAURY,29-607,PROMO MALLAS KAURY,Mallas,4|6|8|10|12,20000,15000,15000
promo-kaury-mallas-20-15,Kaury,PROMO MALLAS KAURY,29-554,PROMO MALLAS KAURY,Mallas,85|90|95|100,20000,15000,15000
promo-kaury-mallas-20-15,Kaury,PROMO MALLAS KAURY,29-587,PROMO MALLAS KAURY,Mallas,85|90|95|100,20000,15000,15000
promo-kaury-mallas-20-15,Kaury,PROMO MALLAS KAURY,29-588,PROMO MALLAS KAURY,Mallas,85|90|95|100,20000,15000,15000
promo-kaury-mallas-20-15,Kaury,PROMO MALLAS KAURY,29-520,PROMO MALLAS KAURY,Mallas,85|90|95|100,20000,15000,15000
promo-kaury-mallas-20-15,Kaury,PROMO MALLAS KAURY,29-521,PROMO MALLAS KAURY,Mallas,85|90|95|100,20000,15000,15000
promo-kaury-mallas-20-15,Kaury,PROMO MALLAS KAURY,29-597,PROMO MALLAS KAURY,Mallas,85|90|95|100,20000,15000,15000
promo-kaury-mallas-20-15,Kaury,PROMO MALLAS KAURY,29-598,PROMO MALLAS KAURY,Mallas,0|1|2|3|4,20000,15000,15000
promo-kaury-mallas-20-15,Kaury,PROMO MALLAS KAURY,29-601,PROMO MALLAS KAURY,Mallas,85|90|95|100,20000,15000,15000
promo-kaury-mallas-20-15,Kaury,PROMO MALLAS KAURY,29-608,PROMO MALLAS KAURY,Mallas,0|1|2|3|4,20000,15000,15000
promo-kaury-mallas-20-15,Kaury,PROMO MALLAS KAURY,29-557,PROMO MALLAS KAURY,Mallas,1|2|3|4|5,20000,15000,15000
promo-kaury-mallas-20-15,Kaury,PROMO MALLAS KAURY,29-572,PROMO MALLAS KAURY,Mallas,12|14|16|18,20000,15000,15000
promo-kaury-mallas-20-15,Kaury,PROMO MALLAS KAURY,29-575,PROMO MALLAS KAURY,Mallas,1|2|3|4,20000,15000,15000
promo-kaury-mallas-20-15,Kaury,PROMO MALLAS KAURY,29-577,PROMO MALLAS KAURY,Mallas,0|1|2|3|4,20000,15000,15000
promo-kaury-mallas-20-15,Kaury,PROMO MALLAS KAURY,29-581,PROMO MALLAS KAURY,Mallas,1|2|3|4,20000,15000,15000
promo-kaury-mallas-20-15,Kaury,PROMO MALLAS KAURY,29-594,PROMO MALLAS KAURY,Mallas,1|2|3|4,20000,15000,15000
promo-kaury-mallas-20-15,Kaury,PROMO MALLAS KAURY,29-590,PROMO MALLAS KAURY,Mallas,85|90|95|100|105|110,20000,15000,15000
promo-kaury-mallas-20-15,Kaury,PROMO MALLAS KAURY,29-602,PROMO MALLAS KAURY,Mallas,85|90|95|100,20000,15000,15000
promo-kaury-mallas-20-15,Kaury,PROMO MALLAS KAURY,29-606,PROMO MALLAS KAURY,Mallas,4|6|8|10|12,20000,15000,15000
promo-kaury-mallas-20-15,Kaury,PROMO MALLAS KAURY,29-609,PROMO MALLAS KAURY,Mallas,1|2|3|4,20000,15000,15000
promo-kaury-mallas-20-15,Kaury,PROMO MALLAS KAURY,29-610,PROMO MALLAS KAURY,Mallas,1|2|3|4,20000,15000,15000
promo-kaury-mallas-20-15,Kaury,PROMO MALLAS KAURY,29-611,PROMO MALLAS KAURY,Mallas,85|90|95|100,20000,15000,15000
promo-kaury-mallas-20-15,Kaury,PROMO MALLAS KAURY,29-612,PROMO MALLAS KAURY,Mallas,85|90|95|100,20000,15000,15000
promo-kaury-mallas-20-15,Kaury,PROMO MALLAS KAURY,29-613,PROMO MALLAS KAURY,Mallas,85|90|95|100|105|110,20000,15000,15000
promo-kaury-mallas-20-15,Kaury,PROMO MALLAS KAURY,29-614,PROMO MALLAS KAURY,Mallas,1|2|3|4,20000,15000,15000
promo-kaury-mallas-20-15,Kaury,PROMO MALLAS KAURY,29-625,PROMO MALLAS KAURY,Mallas,1|2|3|4,20000,15000,15000
promo-kaury-mallas-20-15,Kaury,PROMO MALLAS KAURY,29-627,PROMO MALLAS KAURY,Mallas,85|90|95|100,20000,15000,15000
promo-kaury-mallas-20-15,Kaury,PROMO MALLAS KAURY,29-628,PROMO MALLAS KAURY,Mallas,85|90|95|100,20000,15000,15000
promo-kaury-mallas-20-15,Kaury,PROMO MALLAS KAURY,29-626,PROMO MALLAS KAURY,Mallas,85|90|95|100,20000,15000,15000
promo-kaury-mallas-20-15,Kaury,PROMO MALLAS KAURY,29-629,PROMO MALLAS KAURY,Mallas,85|90|95|100,20000,15000,15000

promo-elemento-nena-mallas-20-15,Elemento,PROMO MALLAS ELEMENTO NENA,1-9361,PROMO MALLAS ELEMENTO NENA,Mallas,2|4|6|8|10|12,20000,15000,15000

promo-kiero-nena-mallas-20-15,Kiero,PROMO MALLAS KIERO NENA,1-9800,PROMO MALLAS KIERO NENA,Mallas,2|4|6|8|10|12|14|16|18,20000,15000,15000

promo-elemento-juvenil-mallas-20,Elemento,PROMO MALLAS ELEMENTO JUVENIL,1-9362,PROMO MALLAS ELEMENTO JUVENIL,Mallas,1|2|3,20000,20000,20000


promo-pack2-colaless-starry,Starry,PROMO PACK X 2 COLALESS STARRY,1-3291,PROMO PACK X 2 COLALESS STARRY,Bombachas,UNICO,4000,2500,2500

promo-cocot-medias-2-5,Cocot,PROMO MEDIAS COCOT,40-3343,PROMO MEDIAS COCOT,Medias,TU,2000,1666.67,5000
promo-cocot-medias-2-5,Cocot,PROMO MEDIAS COCOT,40-3339,PROMO MEDIAS COCOT,Medias,TU,2000,1666.67,5000
promo-cocot-medias-2-5,Cocot,PROMO MEDIAS COCOT,40-3318,PROMO MEDIAS COCOT,Medias,TU,2000,1666.67,5000
promo-cocot-medias-2-5,Cocot,PROMO MEDIAS COCOT,40-3261,PROMO MEDIAS COCOT,Medias,TU,2000,1666.67,5000
promo-cocot-medias-2-5,Cocot,PROMO MEDIAS COCOT,40-3036.3,PROMO MEDIAS COCOT,Medias,TU,2000,1666.67,5000
promo-cocot-medias-2-5,Cocot,PROMO MEDIAS COCOT,40-3223.3,PROMO MEDIAS COCOT,Medias,TU,2000,1666.67,5000
promo-cocot-medias-2-5,Cocot,PROMO MEDIAS COCOT,40-3253.3,PROMO MEDIAS COCOT,Medias,TU,2000,1666.67,5000


promo-disney-nena-mallas-30,Disney,PROMO MALLAS DISNEY NENA,40-20900,PROMO MALLAS DISNEY NENA,Mallas,2|4|6|8,30000,30000,30000
promo-disney-nena-mallas-30,Disney,PROMO MALLAS DISNEY NENA,40-20901,PROMO MALLAS DISNEY NENA,Mallas,2|4|6|8,30000,30000,30000
promo-disney-nena-mallas-30,Disney,PROMO MALLAS DISNEY NENA,40-20902,PROMO MALLAS DISNEY NENA,Mallas,2|4|6|8,30000,30000,30000
promo-disney-nena-mallas-30,Disney,PROMO MALLAS DISNEY NENA,40-20904,PROMO MALLAS DISNEY NENA,Mallas,2|4|6|8,30000,30000,30000
promo-disney-nena-mallas-30,Disney,PROMO MALLAS DISNEY NENA,40-20905,PROMO MALLAS DISNEY NENA,Mallas,2|4|6|8,30000,30000,30000
promo-disney-nena-mallas-30,Disney,PROMO MALLAS DISNEY NENA,40-20906,PROMO MALLAS DISNEY NENA,Mallas,2|4|6|8,30000,30000,30000
promo-disney-nena-mallas-30,Disney,PROMO MALLAS DISNEY NENA,40-20911,PROMO MALLAS DISNEY NENA,Mallas,2|4|6|8,30000,30000,30000
promo-disney-nena-mallas-30,Disney,PROMO MALLAS DISNEY NENA,40-20913,PROMO MALLAS DISNEY NENA,Mallas,2|4|6|8,30000,30000,30000
promo-disney-nena-mallas-30,Disney,PROMO MALLAS DISNEY NENA,40-20917,PROMO MALLAS DISNEY NENA,Mallas,2|4|6|8,30000,30000,30000
promo-disney-nena-mallas-30,Disney,PROMO MALLAS DISNEY NENA,40-20918,PROMO MALLAS DISNEY NENA,Mallas,2|4|6|8,30000,30000,30000
promo-disney-nena-mallas-30,Disney,PROMO MALLAS DISNEY NENA,40-20919,PROMO MALLAS DISNEY NENA,Mallas,2|4|6|8,30000,30000,30000
promo-disney-nena-mallas-30,Disney,PROMO MALLAS DISNEY NENA,40-20920,PROMO MALLAS DISNEY NENA,Mallas,2|4|6|8,30000,30000,30000
promo-disney-nena-mallas-30,Disney,PROMO MALLAS DISNEY NENA,40-20923,PROMO MALLAS DISNEY NENA,Mallas,2|4|6|8,30000,30000,30000
promo-disney-nena-mallas-30,Disney,PROMO MALLAS DISNEY NENA,40-20925,PROMO MALLAS DISNEY NENA,Mallas,2|4|6|8,30000,30000,30000
promo-disney-nena-mallas-30,Disney,PROMO MALLAS DISNEY NENA,40-20927,PROMO MALLAS DISNEY NENA,Mallas,2|4|6|8,30000,30000,30000
promo-disney-nena-mallas-30,Disney,PROMO MALLAS DISNEY NENA,40-20928,PROMO MALLAS DISNEY NENA,Mallas,2|4|6|8,30000,30000,30000
promo-disney-nena-mallas-30,Disney,PROMO MALLAS DISNEY NENA,40-20930,PROMO MALLAS DISNEY NENA,Mallas,2|4|6|8,30000,30000,30000



promo-andressa-mallas-bolsitas-15,Andressa,MALLAS ANDRESSA EN BOLSITAS,1-9501,MALLAS ANDRESSA EN BOLSITAS,Mallas,85|90|95|100|105|110||115|120,15000,15000,15000

promo-bilbao-short-15,Bilbao,PROMO SHORT BILBAO,97-24424,PROMO SHORT BILBAO,Short,S|M|L|XL|XXL,15000,15000,15000
promo-bilbao-short-15,Bilbao,PROMO SHORT BILBAO,97-24424E,PROMO SHORT BILBAO,Short,5|6|7|8,15000,15000,15000
promo-bilbao-short-15,Bilbao,PROMO SHORT BILBAO,97-24425,PROMO SHORT BILBAO,Short,2|4|6|8|10,15000,15000,15000
promo-bilbao-short-15,Bilbao,PROMO SHORT BILBAO,97-24425E,PROMO SHORT BILBAO,Short,12|14|16|18,15000,15000,15000


promo-boxer-g3-estampados-85-75-57,G3,PROMO BOXER G3,03-3990,PROMO BOXER ESTAMPADOS G3,Boxer Estampados,S|M|L|XL|XXL,8500,7500,5700
promo-boxer-g3-estampados-85-75-57,G3,PROMO BOXER G3,03-3900,PROMO BOXER ESTAMPADOS G3,Boxer Estampados,S|M|L|XL|XXL,8500,7500,5700
promo-boxer-g3-estampados-85-75-57,G3,PROMO BOXER G3,03-3223,PROMO BOXER ESTAMPADOS G3,Boxer Estampados,S|M|L|XL|XXL,8500,7500,5700
promo-boxer-g3-estampados-85-75-57,G3,PROMO BOXER G3,03-3203,PROMO BOXER ESTAMPADOS G3,Boxer Estampados,S|M|L|XL|XXL,8500,7500,5700
promo-boxer-g3-estampados-85-75-57,G3,PROMO BOXER G3,03-3806,PROMO BOXER ESTAMPADOS G3,Boxer Estampados,S|M|L|XL|XXL,8500,7500,5700
promo-boxer-g3-estampados-85-75-57,G3,PROMO BOXER G3,03-3237,PROMO BOXER ESTAMPADOS G3,Boxer Estampados,S|M|L|XL|XXL,8500,7500,5700
promo-boxer-g3-estampados-85-75-57,G3,PROMO BOXER G3,03-3225,PROMO BOXER ESTAMPADOS G3,Boxer Estampados,S|M|L|XL|XXL,8500,7500,5700
promo-boxer-g3-estampados-85-75-57,G3,PROMO BOXER G3,03-3241,PROMO BOXER ESTAMPADOS G3,Boxer Estampados,S|M|L|XL|XXL,8500,7500,5700
promo-boxer-g3-estampados-85-75-57,G3,PROMO BOXER G3,03-3227,PROMO BOXER ESTAMPADOS G3,Boxer Estampados,S|M|L|XL|XXL,8500,7500,5700
promo-boxer-g3-estampados-85-75-57,G3,PROMO BOXER G3,50-3039,PROMO BOXER ESTAMPADOS G3,Boxer Estampados,S|M|L|XL|XXL,8500,7500,5700
promo-boxer-lisos-g3-75-65-55,G3,PROMO BOXER LISOS G3 – BAKHOU – RÍO – NATUBEL,03-3100,PROMO BOXER LISOS G3,Boxer Lisos,S|M|L|XL|XXL,7500,6500,5500
promo-boxer-lisos-g3-75-65-55,G3,PROMO BOXER LISOS G3 – BAKHOU – RÍO – NATUBEL,03-3200,PROMO BOXER LISOS G3,Boxer Lisos,S|M|L|XL|XXL,7500,6500,5500
promo-boxer-lisos-g3-75-65-55,Bakhou,PROMO BOXER LISOS G3 – BAKHOU – RÍO – NATUBEL,38-10,PROMO BOXER LISOS BAKHOU,Boxer Lisos,S|M|L|XL|XXL,7500,6500,5500
promo-boxer-lisos-g3-75-65-55,Natubel,PROMO BOXER LISOS G3 – BAKHOU – RÍO – NATUBEL,38-11,PROMO BOXER LISOS NATUBEL,Boxer Lisos,S|M|L|XL|XXL,7500,6500,5500
promo-boxer-lisos-g3-75-65-55,G3,PROMO BOXER LISOS G3 – BAKHOU – RÍO – NATUBEL,03-3390,PROMO BOXER LISOS G3,Boxer Lisos,S|M|L|XL|XXL,7500,6500,5500
promo-boxer-lisos-g3-75-65-55,G3,PROMO BOXER LISOS G3 – BAKHOU – RÍO – NATUBEL,03-3300,PROMO BOXER LISOS G3,Boxer Lisos,S|M|L|XL|XXL,7500,6500,5500
promo-boxer-lisos-g3-75-65-55,Rio,PROMO BOXER LISOS G3 – BAKHOU – RÍO – NATUBEL,1-5048,PROMO BOXER LISOS RIO,Boxer Lisos,S|M|L|XL|XXL,7500,6500,5500
promo-boxer-lisos-g3-75-65-55,G3,PROMO BOXER LISOS G3 – BAKHOU – RÍO – NATUBEL,1-5032,PROMO BOXER LISOS G3,Boxer Lisos,S|M|L|XL|XXL,7500,6500,5500
promo-boxer-lisos-g3-75-65-55,G3,PROMO BOXER LISOS G3 – BAKHOU – RÍO – NATUBEL,50-3029,PROMO BOXER LISOS G3,Boxer Lisos,S|M|L|XL|XXL,7500,6500,5500
promo-boxer-lisos-g3-75-65-55,G3,PROMO BOXER LISOS G3 – BAKHOU – RÍO – NATUBEL,20-2071,PROMO BOXER LISOS G3,Boxer Lisos,S|M|L|XL|XXL,7500,6500,5500
promo-boxer-lisos-g3-75-65-55,G3,PROMO BOXER LISOS G3 – BAKHOU – RÍO – NATUBEL,20-2074,PROMO BOXER LISOS G3,Boxer Lisos,S|M|L|XL|XXL,7500,6500,5500
promo-boxer-lisos-g3-75-65-55,G3,PROMO BOXER LISOS G3 – BAKHOU – RÍO – NATUBEL,20-2045,PROMO BOXER LISOS G3,Boxer Lisos,S|M|L|XL|XXL,7500,6500,5500
promo-boxer-lisos-g3-75-65-55,G3,PROMO BOXER LISOS G3 – BAKHOU – RÍO – NATUBEL,20-2041,PROMO BOXER LISOS G3,Boxer Lisos,S|M|L|XL|XXL,7500,6500,5500
promo-boxer-lisos-g3-75-65-55,G3,PROMO BOXER LISOS G3 – BAKHOU – RÍO – NATUBEL,20-2221,PROMO BOXER LISOS G3,Boxer Lisos,S|M|L|XL|XXL,7500,6500,5500
promo-slip-g3-45-4-3,G3,PROMO SLIP G3,03-3401,PROMO SLIP G3,Slip,2|3|4|5|6|7|8|9|10,4500,4000,3000

promo-slip-g3-03-3400,G3,PROMO SLIP G3,03-3400,PROMO SLIP G3,Slip,2|3|4|5|6|7|8|9|10,8000,6500,5000

promo-boxer-ninos-g3-47-39,G3,PROMO BOXER LISO NIÑOS G3,1-2070,PROMO BOXER LISO NIÑOS G3,Boxer Niños,4|6|8|10|12|14,4700,3930,3930
promo-boxer-ninos-g3-47-39,G3,PROMO BOXER LISO NIÑOS G3,03-5107,PROMO BOXER LISO NIÑOS G3,Boxer Niños,4|6|8|10|12|14,4700,3930,3930
promo-boxer-ninos-g3-47-39,G3,PROMO BOXER LISO NIÑOS G3,03-5106,PROMO BOXER LISO NIÑOS G3,Boxer Niños,4|6|8|10|12|14,4700,3930,3930

pack-rosa-maxima-seduccion,MÁXIMA SEDUCCIÓN,PACK ROSA – PROMO MÁXIMA SEDUCCIÓN,13-2027,Pack Rosa,PACK,ÚNICO,3500,3500,3500

pezonera-silicona,SILICONA,PEZONERA DE SILICONA,1-8469,PEZONERA DE SILICONA,Corpiño,UNICO,2500,2500

corpiño-silicona,SILICONA,CORPIÑOS DE SILICONA,1-8460,CORPIÑOS DE SILICONA,Corpiño,A-PIEL|B-PIEL|C-PIEL|D-PIEL|A-NEGRO|B-NEGRO|C-NEGRO|D-NEGRO,6960,6960,6960

promo-mk-conjuntos-12,MK,PROMO CONJUNTOS MK,28-OF1001,PROMO CONJUNTOS MK,Conjuntos,85|90|95|100|105,12000,12000,12000



promo-dufour-boxer-45-3333-4,Dufour,PROMO BOXER DUFOUR NIÑOS,21-11976,PROMO BOXER DUFOUR NIÑOS,Boxer,8|10|12|14,2800,4500,3900
promo-dufour-boxer-45-3333-4,Dufour,PROMO BOXER DUFOUR NIÑOS,21-11933,PROMO BOXER DUFOUR NIÑOS,Boxer,8|10|12|14,2800,4500,3900


promo-dufour-boxer-45-3333-3,Dufour,PROMO BOXER DUFOUR,21-11831,PROMO BOXER DUFOUR,Boxer,S|M|L|XL|XXL,4500,3333.34,3000
promo-dufour-boxer-45-3333-3,Dufour,PROMO BOXER DUFOUR,21-11788,PROMO BOXER DUFOUR,Boxer,S|M|L|XL|XXL,4500,3333.34,3000
promo-dufour-boxer-45-3333-3,Dufour,PROMO BOXER DUFOUR,21-11971,PROMO BOXER DUFOUR,Boxer,S|M|L|XL|XXL,4500,3333.34,3000
promo-dufour-boxer-45-3333-3,Dufour,PROMO BOXER DUFOUR,59-185,PROMO BOXER DUFOUR,Boxer,S|M|L|XL|XXL,4500,3333.34,3000
promo-dufour-boxer-45-3333-3,Dufour,PROMO BOXER DUFOUR,21-11812,PROMO BOXER DUFOUR,Boxer,S|M|L|XL|XXL,4500,3333.34,3000
promo-dufour-boxer-45-3333-3,Dufour,PROMO BOXER DUFOUR,21-11855,PROMO BOXER DUFOUR,Boxer,S|M|L|XL|XXL,4500,3333.34,3000



promo-acrobata-boxer-10-8-9,Acrobata,PROMO BOXER ACROBATA PACK X 3,49-11,PROMO BOXER ACROBATA PACK X3,Boxer,S|M|L|XL|XXL,21000,24000,21000
promo-acrobata-boxer-10-8-9,Acrobata,PROMO BOXER ACROBATA PACK X 3,49-7,PROMO BOXER ACROBATA PACK X3,Boxer,S|M|L|XL|XXL,21000,24000,21000

promo-acrobata-boxer-10-8-10,Acrobata,PROMO BOXER ACROBATA PACK X 2,49-13,PROMO BOXER ACROBATA PACK X2,Boxer,S|M|L|XL|XXL,14000,16000,14000

promo-acrobata-boxer-10-8-7,Acrobata,PROMO BOXER ACROBATA,49-5034,PROMO BOXER ACROBATA,Boxer,S|M|L|XL|XXL,10000,8000,7000
promo-acrobata-boxer-10-8-7,Acrobata,PROMO BOXER ACROBATA,49-5048,PROMO BOXER ACROBATA,Boxer,S|M|L|XL|XXL,10000,8000,7000
promo-acrobata-boxer-10-8-7,Acrobata,PROMO BOXER ACROBATA,49-5051,PROMO BOXER ACROBATA,Boxer,S|M|L|XL|XXL,10000,8000,7000
promo-acrobata-boxer-10-8-7,Acrobata,PROMO BOXER ACROBATA,49-5056,PROMO BOXER ACROBATA,Boxer,S|M|L|XL|XXL,10000,8000,7000
promo-acrobata-boxer-10-8-7,Acrobata,PROMO BOXER ACROBATA,49-5061,PROMO BOXER ACROBATA,Boxer,S|M|L|XL|XXL,10000,8000,7000
promo-acrobata-boxer-10-8-7,Acrobata,PROMO BOXER ACROBATA,49-5072,PROMO BOXER ACROBATA,Boxer,S|M|L|XL|XXL,10000,8000,7000
promo-acrobata-boxer-10-8-7,Acrobata,PROMO BOXER ACROBATA,49-5076,PROMO BOXER ACROBATA,Boxer,S|M|L|XL|XXL,10000,8000,7000
promo-acrobata-boxer-10-8-7,Acrobata,PROMO BOXER ACROBATA,49-5087,PROMO BOXER ACROBATA,Boxer,S|M|L|XL|XXL,10000,8000,7000
promo-acrobata-boxer-10-8-7,Acrobata,PROMO BOXER ACROBATA,49-5139,PROMO BOXER ACROBATA,Boxer,S|M|L|XL|XXL,10000,8000,7000
promo-acrobata-boxer-10-8-7,Acrobata,PROMO BOXER ACROBATA,49-5118,PROMO BOXER ACROBATA,Boxer,S|M|L|XL|XXL,10000,8000,7000
promo-acrobata-boxer-10-8-7,Acrobata,PROMO BOXER ACROBATA,49-5063,PROMO BOXER ACROBATA,Boxer,S|M|L|XL|XXL,10000,8000,7000


promo-dufour-boxer-10-8-7,Dufour,PROMO BOXER DUFOUR,21-12058,PROMO BOXER DUFOUR,Boxer,S|M|L|XL|XXL,10000,8000,7000


promo-dufour-boxer-docena-36,Dufour,PROMO BOXER DUFOUR POR DOCENA,21-11812.9,PROMO BOXER DUFOUR POR DOCENA,Boxer por docena,S|M|L|XL|XXL,36000,36000,36000
promo-dufour-boxer-docena-36,Dufour,PROMO BOXER DUFOUR POR DOCENA,21-11788.9,PROMO BOXER DUFOUR POR DOCENA,Boxer por docena,S|M|L|XL|XXL,36000,36000,36000
promo-dufour-boxer-docena-36,Dufour,PROMO BOXER DUFOUR POR DOCENA,21-11737.9,PROMO BOXER DUFOUR POR DOCENA,Boxer por docena,S|M|L|XL|XXL,36000,36000,36000

promo-aghata-mallas-9-18,Aghatta,PROMO MALLAS AGHATTA,1-9101,PROMO MALLAS AGHATTA,Mallas,1|2|3|4,9000,9000,18000

promo-tom-dufour-boxer-5-4-3,Tom,PROMO BOXER TOM – DUFOUR,48-5103,PROMO BOXER TOM – DUFOUR,Boxer,S|M|L|XL|XXL,5000,4000,3000
promo-tom-dufour-boxer-5-4-3,Tom,PROMO BOXER TOM – DUFOUR,48-5114,PROMO BOXER TOM – DUFOUR,Boxer,S|M|L|XL|XXL,5000,4000,3000
promo-tom-dufour-boxer-5-4-3,Dufour,PROMO BOXER TOM – DUFOUR,21-11928,PROMO BOXER TOM – DUFOUR,Boxer,S|M|L|XL|XXL,5000,4000,3000
promo-tom-dufour-boxer-5-4-3,Dufour,PROMO BOXER TOM – DUFOUR,21-11784,PROMO BOXER TOM – DUFOUR,Boxer,S|M|L|XL|XXL,5000,4000,3000
promo-tom-dufour-boxer-5-4-3,Dufour,PROMO BOXER TOM – DUFOUR,21-11738,PROMO BOXER TOM – DUFOUR,Boxer,S|M|L|XL|XXL,5000,4000,3000
promo-tom-dufour-boxer-5-4-3,Dufour,PROMO BOXER TOM – DUFOUR,21-11751,PROMO BOXER TOM – DUFOUR,Boxer,S|M|L|XL|XXL,5000,4000,3000
promo-tom-dufour-boxer-5-4-3,Dufour,PROMO BOXER TOM – DUFOUR,21-11763,PROMO BOXER TOM – DUFOUR,Boxer,S|M|L|XL|XXL,5000,4000,3000
promo-tom-dufour-boxer-5-4-3,Dufour,PROMO BOXER TOM – DUFOUR,21-11814,PROMO BOXER TOM – DUFOUR,Boxer,S|M|L|XL|XXL,5000,4000,3000
promo-tom-dufour-boxer-5-4-3,Dufour,PROMO BOXER TOM – DUFOUR,21-11890,PROMO BOXER TOM – DUFOUR,Boxer,S|M|L|XL|XXL,5000,4000,3000




promo-conjunto-armado-10-7,RIO,PROMO CONJUNTO ARMADO,1-1504,PROMO CONJUNTO ARMADO,Conjunto Armado,85|90|95|100|105,10000,7000,7000




promo-conjuntos-armados-9-18,RIO,PROMO CONJUNTOS ARMADOS,1-1503,PROMO CONJUNTOS ARMADOS,Conjuntos Armados,85|90|95|100|105|110,9000,9000,18000
promo-conjuntos-armados-9-18,RIO,PROMO CONJUNTOS ARMADOS,1-1502,PROMO CONJUNTOS ARMADOS,Conjuntos Armados,85|90|95|100|105|110,9000,9000,18000




maia-rio-pack-bombachas-12,MAIA,PROMO MAIA – RÍO (Pack Bombachas),23-100,Pack bombachas,PACK,ÚNICO,3500,3000,2660
maia-rio-pack-bombachas-12,MAIA,PROMO MAIA – RÍO (Pack Bombachas),23-200,Pack bombachas,PACK,ÚNICO,3500,3000,2660
maia-rio-pack-bombachas-12,MAIA,PROMO MAIA – RÍO (Pack Bombachas),23-300,Pack bombachas,PACK,ÚNICO,3500,3000,2660

maia-kids-conjuntos,MAIA KIDS,PROMO CONJUNTOS NENA MAIA,23-2100,Conjunto nena MAIA,Conjuntos Kids,6|8|10|12|14,7000,6000,4790
maia-kids-conjuntos,MAIA KIDS,PROMO CONJUNTOS NENA MAIA,23-2150,Conjunto nena MAIA,Conjuntos Kids,6|8|10|12|14,7000,6000,4790
maia-kids-conjuntos,MAIA KIDS,PROMO CONJUNTOS NENA MAIA,23-3200,Conjunto nena MAIA,Conjuntos Kids,6|8|10|12|14,7000,6000,4790
maia-kids-conjuntos,MAIA KIDS,PROMO CONJUNTOS NENA MAIA,23-4300,Conjunto nena MAIA,Conjuntos Kids,6|8|10|12|14,7000,6000,4790
maia-kids-conjuntos,MAIA KIDS,PROMO CONJUNTOS NENA MAIA,23-3250,Conjunto nena MAIA,Conjuntos Kids,6|8|10|12|14,7000,6000,4790
maia-kids-conjuntos,MAIA KIDS,PROMO CONJUNTOS NENA MAIA,23-4350N,Conjunto nena MAIA,Conjuntos Kids,6|8|10|12|14,7000,6000,4790
maia-kids-pack-bombachas,MAIA KIDS,PROMOBOMBACHAS KIDS MAIA,23-0100,Pack bombachas nena,PACK Kids,6|8|10|12|14,8000,6000,6000
maia-kids-pack,MAIA KIDS,PACK – NENA MAIA,23-110,Pack dama,PACK ,U|,5000,3000,3000
maia-kids-pack,MAIA KIDS,PACK – NENA MAIA,23-210,Pack dama,PACK ,U|,5000,3000,3000




mk-medias-2500-1800,MK,PROMO MEDIAS MK,28-6000,Media MK,Medias,ÚNICO,2500,1800,1800
mk-medias-2500-1800,MK,PROMO MEDIAS MK,28-6045,Media MK,Medias,ÚNICO,2500,1800,1800
mk-medias-2500-1800,MK,PROMO MEDIAS MK,28-6047,Media MK,Medias,ÚNICO,2500,1800,1800
mk-medias-2500-1800,MK,PROMO MEDIAS MK,28-6054,Media MK,Medias,ÚNICO,2500,1800,1800
mk-medias-2500-1800,MK,PROMO MEDIAS MK,28-6055,Media MK,Medias,ÚNICO,2500,1800,1800
mk-medias-2500-1800,MK,PROMO MEDIAS MK,28-6070,Media MK,Medias,ÚNICO,2500,1800,1800
mk-medias-2500-1800,MK,PROMO MEDIAS MK,28-6075,Media MK,Medias,ÚNICO,2500,1800,1800
mk-medias-2500-1800,MK,PROMO MEDIAS MK,28-6084,Media MK,Medias,ÚNICO,2500,1800,1800
mk-medias-2500-1800,MK,PROMO MEDIAS MK,28-6200,Media MK,Medias,ÚNICO,2500,1800,1800
mk-medias-2500-1800,MK,PROMO MEDIAS MK,28-62100,Media MK,Medias,ÚNICO,2500,1800,1800
mk-medias-2500-1800,MK,PROMO MEDIAS MK,28-62100.1,Media MK,Medias,ÚNICO,2500,1800,1800
mk-medias-2500-1800,MK,PROMO MEDIAS MK,28-62100.2,Media MK,Medias,ÚNICO,2500,1800,1800
mk-medias-2500-1800,MK,PROMO MEDIAS MK,28-62100.3,Media MK,Medias,ÚNICO,2500,1800,1800
mk-medias-2500-1800,MK,PROMO MEDIAS MK,28-62100.4,Media MK,Medias,ÚNICO,2500,1800,1800
mk-medias-2500-1800,MK,PROMO MEDIAS MK,28-62102,Media MK,Medias,ÚNICO,2500,1800,1800
mk-medias-2500-1800,MK,PROMO MEDIAS MK,28-62102.1,Media MK,Medias,ÚNICO,2500,1800,1800
mk-medias-2500-1800,MK,PROMO MEDIAS MK,28-62102.2,Media MK,Medias,ÚNICO,2500,1800,1800
mk-medias-2500-1800,MK,PROMO MEDIAS MK,28-62102.3,Media MK,Medias,ÚNICO,2500,1800,1800
mk-medias-2500-1800,MK,PROMO MEDIAS MK,28-62102.4,Media MK,Medias,ÚNICO,2500,1800,1800
mk-medias-2500-1800,MK,PROMO MEDIAS MK,28-62102.5,Media MK,Medias,ÚNICO,2500,1800,1800
mk-medias-2500-1800,MK,PROMO MEDIAS MK,28-62102.6,Media MK,Medias,ÚNICO,2500,1800,1800
mk-medias-2500-1800,MK,PROMO MEDIAS MK,28-62102.7,Media MK,Medias,ÚNICO,2500,1800,1800
mk-medias-2500-1800,MK,PROMO MEDIAS MK,28-62102.8,Media MK,Medias,ÚNICO,2500,1800,1800
mk-medias-2500-1800,MK,PROMO MEDIAS MK,28-62102.9,Media MK,Medias,ÚNICO,2500,1800,1800
mk-medias-2500-1800,MK,PROMO MEDIAS MK,28-62102.10,Media MK,Medias,ÚNICO,2500,1800,1800
mk-medias-2500-1800,MK,PROMO MEDIAS MK,28-62102.11,Media MK,Medias,ÚNICO,2500,1800,1800
mk-medias-2500-1800,MK,PROMO MEDIAS MK,28-62103,Media MK,Medias,ÚNICO,2500,1800,1800
mk-medias-2500-1800,MK,PROMO MEDIAS MK,28-62103.1,Media MK,Medias,ÚNICO,2500,1800,1800
mk-medias-2500-1800,MK,PROMO MEDIAS MK,28-62103.2,Media MK,Medias,ÚNICO,2500,1800,1800
mk-medias-2500-1800,MK,PROMO MEDIAS MK,28-62104,Media MK,Medias,ÚNICO,2500,1800,1800
mk-medias-2500-1800,MK,PROMO MEDIAS MK,28-62104.1,Media MK,Medias,ÚNICO,2500,1800,1800
mk-medias-2500-1800,MK,PROMO MEDIAS MK,28-62104.2,Media MK,Medias,ÚNICO,2500,1800,1800
mk-medias-2500-1800,MK,PROMO MEDIAS MK,28-62104.3,Media MK,Medias,ÚNICO,2500,1800,1800
mk-medias-2500-1800,MK,PROMO MEDIAS MK,28-62104.4,Media MK,Medias,ÚNICO,2500,1800,1800
mk-medias-2500-1800,MK,PROMO MEDIAS MK,28-62105,Media MK,Medias,ÚNICO,2500,1800,1800
mk-medias-2500-1800,MK,PROMO MEDIAS MK,28-62105.1,Media MK,Medias,ÚNICO,2500,1800,1800
mk-medias-2500-1800,MK,PROMO MEDIAS MK,28-62105.2,Media MK,Medias,ÚNICO,2500,1800,1800
mk-medias-2500-1800,MK,PROMO MEDIAS MK,28-62105.3,Media MK,Medias,ÚNICO,2500,1800,1800
mk-medias-2500-1800,MK,PROMO MEDIAS MK,28-62105.4,Media MK,Medias,ÚNICO,2500,1800,1800
mk-medias-2500-1800,MK,PROMO MEDIAS MK,28-62114,Media MK,Medias,ÚNICO,2500,1800,1800
mk-medias-2500-1800,MK,PROMO MEDIAS MK,28-62114.1,Media MK,Medias,ÚNICO,2500,1800,1800
mk-medias-2500-1800,MK,PROMO MEDIAS MK,28-62114.2,Media MK,Medias,ÚNICO,2500,1800,1800
mk-medias-2500-1800,MK,PROMO MEDIAS MK,28-62114.3,Media MK,Medias,ÚNICO,2500,1800,1800
mk-medias-2500-1800,MK,PROMO MEDIAS MK,28-6244,Media MK,Medias,ÚNICO,2500,1800,1800
mk-medias-2500-1800,MK,PROMO MEDIAS MK,28-62112.1,Media MK,Medias,ÚNICO,2500,1800,1800
mk-medias-2500-1800,MK,PROMO MEDIAS MK,28-62112.3,Media MK,Medias,ÚNICO,2500,1800,1800
mk-medias-2500-1800,MK,PROMO MEDIAS MK,28-62112.5,Media MK,Medias,ÚNICO,2500,1800,1800
mk-medias-2500-1800,MK,PROMO MEDIAS MK,28-6276,Media MK,Medias,ÚNICO,2500,1800,1800

mk-conjuntos-8000,MK,PROMO CONJUNTOS MK 8.000,28-5536,Conjunto MK,Conjuntos,85|90|95|100,8000,8000,8000
mk-conjuntos-8000,MK,PROMO CONJUNTOS MK 8.000,28-5675,Conjunto MK,Conjuntos,85|90|95|100,8000,8000,8000
mk-conjuntos-8000,MK,PROMO CONJUNTOS MK 8.000,28-5568,Conjunto MK,Conjuntos,85|90|95|100,8000,8000,8000
mk-conjuntos-8000,MK,PROMO CONJUNTOS MK 8.000,28-5681,Conjunto MK,Conjuntos,85|90|95|100,8000,8000,8000
mk-conjuntos-8000,MK,PROMO CONJUNTOS MK 8.000,28-5718,Conjunto MK,Conjuntos,85|90|95|100,8000,8000,8000
mk-conjuntos-8000,MK,PROMO CONJUNTOS MK 8.000,28-5648,Conjunto MK,Conjuntos,85|90|95|100,8000,8000,8000

mk-conjuntos-10000,MK,PROMO CONJUNTOS MK 10.000,28-5598,Conjunto MK,Conjuntos,85|90|95|100,10000,10000,10000
mk-conjuntos-10000,MK,PROMO CONJUNTOS MK 10.000,28-5646,Conjunto MK,Conjuntos,85|90|95|100,10000,10000,10000
mk-of1000,MK,PROMO CONJUNTOS MK OF1000,28-OF1000,Conjunto MK OF1000,Conjuntos,85|90|95|100,12000,10000,10000


coa-medias,COA COA,PROMO MEDIAS COA COA,14-2000M,Media COA COA,Medias,ÚNICO,2300,2000,1800
coa-medias,COA COA,PROMO MEDIAS COA COA,14-2050,Media COA COA,Medias,ÚNICO,2300,2000,1800
coa-medias,COA COA,PROMO MEDIAS COA COA,14-2070,Media COA COA,Medias,ÚNICO,2300,2000,1800
coa-medias,COA COA,PROMO MEDIAS COA COA,14-2090,Media COA COA,Medias,ÚNICO,2300,2000,1800
coa-medias,COA COA,PROMO MEDIAS COA COA,14-2100M,Media COA COA,Medias,ÚNICO,2300,2000,1800



coa-medias,COA COA,PROMO MEDIAS COA COA,1-6142,Media COA COA,Medias,ÚNICO,2300,2000,1800
coa-medias,COA COA,PROMO MEDIAS COA COA,14-3070,Media COA COA,Medias,ÚNICO,2300,2000,1800
coa-medias,COA COA,PROMO MEDIAS COA COA,14-3090,Media COA COA,Medias,ÚNICO,2300,2000,1800
coa-medias,COA COA,PROMO MEDIAS COA COA,14-3100,Media COA COA,Medias,ÚNICO,2300,2000,1800


mk-medias-hombre,MK,PROMO MEDIAS HOMBRE MK,28-6744,Media hombre MK,Medias Hombre,ÚNICO,4000,3333,2600
mk-medias-hombre,MK,PROMO MEDIAS HOMBRE MK,28-67113.1,Media hombre MK,Medias Hombre,ÚNICO,4000,3333,2600
mk-medias-hombre,MK,PROMO MEDIAS HOMBRE MK,28-67113.2,Media hombre MK,Medias Hombre,ÚNICO,4000,3333,2600
mk-medias-hombre,MK,PROMO MEDIAS HOMBRE MK,28-67113.3,Media hombre MK,Medias Hombre,ÚNICO,4000,3333,2600
mk-medias-hombre,MK,PROMO MEDIAS HOMBRE MK,28-67113.4,Media hombre MK,Medias Hombre,ÚNICO,4000,3333,2600
mk-medias-hombre,MK,PROMO MEDIAS HOMBRE MK,28-67115.1,Media hombre MK,Medias Hombre,ÚNICO,4000,3333,2600
mk-medias-hombre,MK,PROMO MEDIAS HOMBRE MK,28-67115.2,Media hombre MK,Medias Hombre,ÚNICO,4000,3333,2600
mk-medias-hombre,MK,PROMO MEDIAS HOMBRE MK,28-67115.3,Media hombre MK,Medias Hombre,ÚNICO,4000,3333,2600
mk-medias-hombre,MK,PROMO MEDIAS HOMBRE MK,28-67115.4,Media hombre MK,Medias Hombre,ÚNICO,4000,3333,2600
mk-medias-hombre,MK,PROMO MEDIAS HOMBRE MK,28-67116.1,Media hombre MK,Medias Hombre,ÚNICO,4000,3333,2600
mk-medias-hombre,MK,PROMO MEDIAS HOMBRE MK,28-67116.2,Media hombre MK,Medias Hombre,ÚNICO,4000,3333,2600
mk-medias-hombre,MK,PROMO MEDIAS HOMBRE MK,28-67202.1,Media hombre MK,Medias Hombre,ÚNICO,4000,3333,2600
mk-medias-hombre,MK,PROMO MEDIAS HOMBRE MK,28-67202.2,Media hombre MK,Medias Hombre,ÚNICO,4000,3333,2600
mk-medias-hombre,MK,PROMO MEDIAS HOMBRE MK,28-6775,Media hombre MK,Medias Hombre,ÚNICO,4000,3333,2600
mk-medias-hombre,MK,PROMO MEDIAS HOMBRE MK,28-6777,Media hombre MK,Medias Hombre,ÚNICO,4000,3333,2600
mk-medias-hombre,MK,PROMO MEDIAS HOMBRE MK,28-6784,Media hombre MK,Medias Hombre,ÚNICO,4000,3333,2600
mk-medias-hombre,MK,PROMO MEDIAS HOMBRE MK,28-6787,Media hombre MK,Medias Hombre,ÚNICO,4000,3333,2600
mk-medias-hombre,MK,PROMO MEDIAS HOMBRE MK,28-6354,Media hombre MK,Medias Hombre,ÚNICO,4000,3333,2600
mk-medias-hombre,MK,PROMO MEDIAS HOMBRE MK,28-6700,Media hombre MK,Medias Hombre,ÚNICO,4000,3333,2600
mk-medias-hombre,MK,PROMO MEDIAS HOMBRE MK,28-6701,Media hombre MK,Medias Hombre,ÚNICO,4000,3333,2600
mk-medias-hombre,MK,PROMO MEDIAS HOMBRE MK,"28-67103,1",Media hombre MK,Medias Hombre,ÚNICO,4000,3333,2600
mk-medias-hombre,MK,PROMO MEDIAS HOMBRE MK,28-6300,Media hombre MK,Medias Hombre,ÚNICO,4000,3333,2600
mk-medias-hombre,MK,PROMO MEDIAS HOMBRE MK,28-6305,Media hombre MK,Medias Hombre,ÚNICO,4000,3333,2600
mk-medias-hombre,MK,PROMO MEDIAS HOMBRE MK,28-6358,Media hombre MK,Medias Hombre,ÚNICO,4000,3333,2600
mk-medias-hombre,MK,PROMO MEDIAS HOMBRE MK,28-6363,Media hombre MK,Medias Hombre,ÚNICO,4000,3333,2600




dufour-medias-docena,DUFOUR,PROMO MEDIAS DUFOUR X DOCENA,21-2331,Medias Dufour docena,Medias,ÚNICO,875,875,875
cocot-pack-medias,COCOT,PROMO PACK MEDIAS COCOT,40-3253.3,Pack medias COCOT,Medias,ÚNICO,4500,4000,4000
cocot-pack-medias,COCOT,PROMO PACK MEDIAS COCOT,40-3124.3,Pack medias COCOT,Medias,ÚNICO,4500,4000,4000
disney-boxer-20700,DISNEY,BOXER DISNEY,40-20700,Boxer Disney,Boxer,S|M|L,4000,3200,2500
disney-boxer-20701,DISNEY,BOXER DISNEY (modelo 20701),40-20701,Boxer Disney,Boxer,S|M|L,3500,3000,2355
disney-boxer-20702-20750,DISNEY,BOXER DISNEY (otros),40-20702,Boxer Disney,Boxer,S|M|L,4200,4200,3235



dufour-zorba-boxer,DUFOUR/ZORBA,PROMO BOXER (mix),21-11831,Boxer mix,Boxer,S|M|L|XL,3800,2900,2350
dufour-zorba-boxer,DUFOUR/ZORBA,PROMO BOXER (mix),21-11971,Boxer mix,Boxer,S|M|L|XL,3800,2900,2350
dufour-zorba-boxer,DUFOUR/ZORBA,PROMO BOXER (mix),21-11812,Boxer mix,Boxer,S|M|L|XL,3800,2900,2350
dufour-zorba-boxer,DUFOUR/ZORBA,PROMO BOXER (mix),21-11855,Boxer mix,Boxer,S|M|L|XL,3800,2900,2350
dufour-zorba-boxer,DUFOUR/ZORBA,PROMO BOXER (mix),21-11789,Boxer mix,Boxer,S|M|L|XL,3800,2900,2350

dufour-boxer-docena,DUFOUR,PROMO BOXER DUFOUR POR DOCENA,21-11812.9,Boxer Dufour docena,Boxer,S|M|L|XL,27000,27000,27000
dufour-boxer-docena,DUFOUR,PROMO BOXER DUFOUR POR DOCENA,21-11788.9,Boxer Dufour docena,Boxer,S|M|L|XL,27000,27000,27000
dufour-boxer-docena,DUFOUR,PROMO BOXER DUFOUR POR DOCENA,21-11737.9,Boxer Dufour docena,Boxer,S|M|L|XL,27000,27000,27000

dufour-pack-boxer-x3,DUFOUR,PROMO PACK BOXER DUFOUR (x3),21-11737.4,Pack boxer Dufour,Boxer,S|M|L|XL,8500,7000,6500

dufour-boxer,DUFOUR,PROMO BOXER DUFOUR,21-11754,Boxer Dufour,Boxer,S|M|L|XL,7000,6000,5000
dufour-boxer,DUFOUR,PROMO BOXER DUFOUR,21-11755,Boxer Dufour,Boxer,S|M|L|XL,7000,6000,5000
dufour-boxer,DUFOUR,PROMO BOXER DUFOUR,21-11756,Boxer Dufour,Boxer,S|M|L|XL,7000,6000,5000
dufour-boxer,DUFOUR,PROMO BOXER DUFOUR,21-11757,Boxer Dufour,Boxer,S|M|L|XL,7000,6000,5000
dufour-boxer,DUFOUR,PROMO BOXER DUFOUR,21-11758,Boxer Dufour,Boxer,S|M|L|XL,7000,6000,5000
dufour-boxer,DUFOUR,PROMO BOXER DUFOUR,21-11778,Boxer Dufour,Boxer,S|M|L|XL,7000,6000,5000
dufour-boxer,DUFOUR,PROMO BOXER DUFOUR,21-11779,Boxer Dufour,Boxer,S|M|L|XL,7000,6000,5000
dufour-boxer,DUFOUR,PROMO BOXER DUFOUR,21-11785,Boxer Dufour,Boxer,S|M|L|XL,7000,6000,5000
dufour-boxer,DUFOUR,PROMO BOXER DUFOUR,21-11794,Boxer Dufour,Boxer,S|M|L|XL,7000,6000,5000
dufour-boxer,DUFOUR,PROMO BOXER DUFOUR,21-11843,Boxer Dufour,Boxer,S|M|L|XL,7000,6000,5000
dufour-boxer,DUFOUR,PROMO BOXER DUFOUR,21-12051,Boxer Dufour,Boxer,S|M|L|XL,7000,6000,5000
dufour-boxer,DUFOUR,PROMO BOXER DUFOUR,21-12058,Boxer Dufour,Boxer,S|M|L|XL,7000,6000,5000



cocot-pack-medias-x3,COCOT,PACK MEDIAS COCOT x3,40-3334.3M,Pack x3 COCOT,Medias,ÚNICO,7500,4125,4125

xy-kaury-natubel-acrobata-boxer,XY/KAURY MEN/NATUBEL/ACROBATA/RIO,PROMO BOXER XY-KAURY MEN - NATUBEL - ACROBATA,52-33,Boxer varias marcas,Boxer,S|M|L|XL|XXL,10000,8000,7000
xy-kaury-natubel-acrobata-boxer,XY/KAURY MEN/NATUBEL/ACROBATA/RIO,PROMO BOXER XY-KAURY MEN - NATUBEL - ACROBATA,52-37,Boxer varias marcas,Boxer,S|M|L|XL|XXL,10000,8000,7000
xy-kaury-natubel-acrobata-boxer,XY/KAURY MEN/NATUBEL/ACROBATA/RIO,PROMO BOXER XY-KAURY MEN - NATUBEL - ACROBATA,52-J87,Boxer varias marcas,Boxer,S|M|L|XL|XXL,10000,8000,7000
xy-kaury-natubel-acrobata-boxer,XY/KAURY MEN/NATUBEL/ACROBATA/RIO,PROMO BOXER XY-KAURY MEN - NATUBEL - ACROBATA,52-10,Boxer varias marcas,Boxer,S|M|L|XL|XXL,10000,8000,7000
xy-kaury-natubel-acrobata-boxer,XY/KAURY MEN/NATUBEL/ACROBATA/RIO,PROMO BOXER XY-KAURY MEN - NATUBEL - ACROBATA,52-11,Boxer varias marcas,Boxer,S|M|L|XL|XXL,10000,8000,7000

promo-conjuntos-natubel,Natubel,PROMO CONJUNTOS NATUBEL,38-22,PROMO CONJUNTOS NATUBEL,Conjuntos,85|90|95|100|105,15000,10000,8000
promo-conjuntos-natubel,Natubel,PROMO CONJUNTOS NATUBEL,38-25,PROMO CONJUNTOS NATUBEL,Conjuntos,85|90|95|100|105,15000,10000,8000
promo-conjuntos-natubel,Natubel,PROMO CONJUNTOS NATUBEL,38-380,PROMO CONJUNTOS NATUBEL,Conjuntos,85|90|95|100|105,15000,10000,8000
promo-conjuntos-natubel,Natubel,PROMO CONJUNTOS NATUBEL,38-350,PROMO CONJUNTOS NATUBEL,Conjuntos,85|90|95|100|105,15000,10000,8000
promo-conjuntos-natubel,Natubel,PROMO CONJUNTOS NATUBEL,38-340,PROMO CONJUNTOS NATUBEL,Conjuntos,85|90|95|100|105,15000,10000,8000
promo-conjuntos-natubel,Natubel,PROMO CONJUNTOS NATUBEL,38-370,PROMO CONJUNTOS NATUBEL,Conjuntos,85|90|95|100|105,15000,10000,8000



xy-kaury-natubel-acrobata-boxer,XY/KAURY MEN/NATUBEL/ACROBATA/RIO,PROMO BOXER XY-KAURY MEN - NATUBEL - ACROBATA,24-1387,Boxer varias marcas,Boxer,S|M|L|XL|XXL,10000,8000,7000


boxer-generico-6000-5000-4000,VARIOS,PROMO BOXER,52-J110,Boxer,Boxer,S|M|L|XL,6000,5000,4000
boxer-generico-6000-5000-4000,VARIOS,PROMO BOXER,1-2069,Boxer,Boxer,S|M|L|XL,6000,5000,4000
boxer-generico-6000-5000-4000,VARIOS,PROMO BOXER,1-5031,Boxer,Boxer,S|M|L|XL,6000,5000,4000
boxer-generico-6000-5000-4000,VARIOS,PROMO BOXER,1-5467,Boxer,Boxer,S|M|L|XL,6000,5000,4000


natubel-conjuntos-varios-1,NATUBEL,PROMO CONJUNTOS NATUBEL,38-22,Conjunto Natubel,Conjuntos,85|90|95|100,9000,7500,7500
natubel-conjuntos-varios-1,NATUBEL,PROMO CONJUNTOS NATUBEL,38-25,Conjunto Natubel,Conjuntos,85|90|95|100,9000,7500,7500


kaury-conjuntos-otros2,KAURY,PROMO CONJUNTOS KAURY,29-J101,Conjunto KAURY,Conjuntos,85|90|95|100,6720,10000,8000


kaury-conjuntos-otros,KAURY,PROMO CONJUNTOS KAURY,29-J77,Conjunto KAURY,Conjuntos,85|90|95|100,7500,6500,5500
kaury-conjuntos-otros,KAURY,PROMO CONJUNTOS KAURY,29-J18,Conjunto KAURY,Conjuntos,85|90|95|100,7500,6500,5500


kaury-bombachas-nena-01,KAURY,Pack x2 bombacha nena,29-J4,bombachas nena KAURY,pack,4|6|8|10|12|14,3500,5000,4000

coacoa-medias-colegial,COACOA,MEEDIAS COLEGIALES,14-2250,MEDIAS COLEGIALES COACOA,MEDIAS,UNICO,1800,2000,1800

