SUCURSAL,DIRECCION,ALTURA,CP,LOCALIDAD,PROVINCIA,TELEFONO,HUB
CORRIENTES,AV CORRIENTES,2557,1046,CABA,CABA,11 2859-3658,SARMIENTO
LAMARCA,AV AVELLANEDA,3494,1407,CABA,CABA,11 2277-9170,AVELLANEDA
NAZCA,AVELLANEDA,2900,1406,CABA,CABA,11 2858-3205,AVELLANEDA
CASTELLI,CASTELLI,344,1032,CABA,CABA,11 2858-3205,SARMIENTO
QUILMES,PEATONAL RIVADAVIA,261,1878,Quilmes,BUENOS AIRES,11 5602-7674,SARMIENTO
PUEYRREDON,AV PUEYRREDON,49,1032,CABA,CABA,11 5666-9191,SARMIENTO
AVELLANEDA,AV AVELLANEDA,3249,1406,CABA,CABA,11 5127-8308,AVELLANEDA
AVELLANEDA (WEB),AV AVELLANEDA,3249,1406,CABA,CABA,11 2851-9621,AVELLANEDA
SARMIENTO,SARMIENTO,2566,1045,CABA,CABA,11 3622-2701,AVELLANEDA
